Modulation,FLL_BW,Costas_BW,SymSync_BW,PreambleSize,NoiseVolt,FreqOffset,TimeOffset,Platform,PDR,BER,MatchedPkts,TotalPkts,ElapsedSec
BPSK,0.0314,0.018,0.025,32,0.02,0.0,1.0,software,90.0,0.0025000000000000005,9,10,0.04625988006591797
QPSK,0.0314,0.0628,0.115,32,0.03,0.005,0.9992,software,90.0,0.0025000000000000005,9,10,0.08662772178649902
QPSK,0.0314,0.01,0.018,32,0.02,0.0,1.0,software,20.0,0.020000000000000004,2,10,0.07361102104187012
BPSK,0.055,0.0628,0.025,32,0.02,0.03,1.0,software,90.0,0.0025000000000000005,9,10,0.06369185447692871
QPSK,0.25,0.0628,0.025,32,0.02,0.03,1.0,software,0.0,0.025,0,10,0.06264472007751465
QPSK,0.0314,0.4,0.01,32,0.02,0.0,1.0,software,80.0,0.005000000000000001,8,10,0.06554937362670898
QPSK,0.0314,0.018,0.25,32,0.02,0.0,1.0,software,50.0,0.0125,5,10,0.05375957489013672
BPSK,0.0314,0.32,0.025,32,0.02,0.0,1.0,software,90.0,0.0025000000000000005,9,10,0.06040501594543457
BPSK,0.0314,0.6,0.115,32,0.02,0.0,1.0,software,50.0,0.0125,5,10,0.06145668029785156
BPSK,0.0314,0.035,0.6,32,0.02,0.0,1.0,software,0.0,0.025,0,10,0.05809926986694336
QPSK,0.055,0.0628,0.025,32,0.02,-0.01,1.0,software,90.0,0.0025000000000000005,9,10,0.06154775619506836
BPSK,0.0314,0.0628,0.025,48,0.02,0.005,1.0001,software,90.0,0.0025000000000000005,9,10,0.0739278793334961
BPSK,0.0314,0.0628,0.025,24,0.0,0.005,1.0001,software,90.0,0.0,9,10,0.06600046157836914
BPSK,0.65,0.0628,0.025,32,0.02,-0.02,1.0,software,0.0,0.025,0,10,0.07016801834106445
BPSK,0.01,0.0628,0.025,32,0.02,-0.01,1.0,software,90.0,0.0025000000000000005,9,10,0.08110880851745605
BPSK,0.0314,0.5,0.018,32,0.02,0.0,1.0,software,90.0,0.0025000000000000005,9,10,0.055956363677978516
BPSK,0.0314,0.035,0.115,32,0.02,0.0,1.0,software,60.0,0.010000000000000002,6,10,0.06092071533203125
QPSK,0.005,0.0628,0.025,32,0.02,0.02,1.0,software,80.0,0.005000000000000001,8,10,0.07678604125976562
BPSK,0.055,0.0628,0.025,32,0.02,0.01,1.0,software,90.0,0.0025000000000000005,9,10,0.06797623634338379
QPSK,0.0314,0.5,0.01,32,0.02,0.0,1.0,software,80.0,0.005000000000000001,8,10,0.07732248306274414
QPSK,0.0314,0.5,0.5,32,0.02,0.0,1.0,software,0.0,0.025,0,10,0.06930208206176758
QPSK,0.0314,0.165,0.115,32,0.02,0.0,1.0,software,90.0,0.0025000000000000005,9,10,0.05258536338806152
QPSK,0.01,0.0628,0.025,32,0.02,0.02,1.0,software,80.0,0.005000000000000001,8,10,0.06418395042419434
QPSK,0.0314,0.01,0.25,32,0.02,0.0,1.0,software,20.0,0.020000000000000004,2,10,0.08259320259094238
BPSK,0.026,0.0628,0.025,32,0.02,-0.02,1.0,software,90.0,0.0025000000000000005,9,10,0.0629892349243164
BPSK,0.055,0.0628,0.025,32,0.02,-0.02,1.0,software,90.0,0.0025000000000000005,9,10,0.06553888320922852
BPSK,0.0314,0.0628,0.025,16,0.25,0.005,1.0001,software,90.0,0.0025000000000000005,9,10,0.08017706871032715
QPSK,0.0314,0.75,0.025,32,0.02,0.0,1.0,software,80.0,0.005000000000000001,8,10,0.07400655746459961
BPSK,0.0314,0.165,0.115,32,0.02,0.0,1.0,software,60.0,0.010000000000000002,6,10,0.07817888259887695
QPSK,0.0314,0.018,0.01,32,0.02,0.0,1.0,software,50.0,0.0125,5,10,0.05003166198730469
QPSK,0.0314,0.01,0.18,32,0.02,0.0,1.0,software,20.0,0.020000000000000004,2,10,0.0483088493347168
QPSK,0.01,0.0628,0.025,32,0.02,-0.01,1.0,software,90.0,0.0025000000000000005,9,10,0.06240963935852051
BPSK,0.0314,0.0628,0.025,32,0.02,0.03,1.0,software,90.0,0.0025000000000000005,9,10,0.05524730682373047
BPSK,0.0314,0.0628,0.025,48,0.25,0.005,1.0001,software,90.0,0.0025000000000000005,9,10,0.07102608680725098
BPSK,0.0314,0.0628,0.025,64,0.08,0.005,1.0001,software,70.0,0.0075,7,10,0.06655597686767578
BPSK,0.0314,0.01,0.4,32,0.02,0.0,1.0,software,0.0,0.025,0,10,0.07026958465576172
QPSK,0.0314,0.09,0.055,32,0.02,0.0,1.0,software,90.0,0.0025000000000000005,9,10,0.07234787940979004
QPSK,0.0314,0.018,0.115,32,0.02,0.0,1.0,software,50.0,0.0125,5,10,0.08321571350097656
QPSK,0.0314,0.4,0.025,32,0.02,0.0,1.0,software,90.0,0.0025000000000000005,9,10,0.06070566177368164
QPSK,0.0314,0.25,0.4,32,0.02,0.0,1.0,software,0.0,0.025,0,10,0.0675821304321289
QPSK,0.0314,0.0628,0.025,32,0.02,0.005,1.0001,software,90.0,0.0025000000000000005,9,10,0.07379722595214844
QPSK,0.026,0.0628,0.025,32,0.02,0.0,1.0,software,90.0,0.0025000000000000005,9,10,0.06583261489868164
BPSK,0.0314,0.0628,0.025,32,0.08,0.005,1.0001,software,90.0,0.0025000000000000005,9,10,0.07758808135986328
QPSK,0.005,0.0628,0.025,32,0.02,-0.03,1.0,software,0.0,0.025,0,10,0.06790828704833984
QPSK,0.0314,0.0628,0.115,32,0.03,0.005,1.0001,software,90.0,0.0025000000000000005,9,10,0.0738668441772461
QPSK,0.026,0.0628,0.025,32,0.02,-0.03,1.0,software,90.0,0.0025000000000000005,9,10,0.064453125
BPSK,0.0314,0.0628,0.025,32,0.02,0.01,1.0,software,90.0,0.0025000000000000005,9,10,0.04812908172607422
QPSK,0.0314,0.165,0.055,32,0.02,0.0,1.0,software,90.0,0.0025000000000000005,9,10,0.0545496940612793
QPSK,0.0314,0.0628,0.025,64,0.02,0.005,1.0001,software,90.0,0.0025000000000000005,9,10,0.07295989990234375
BPSK,0.0314,0.018,0.5,32,0.02,0.0,1.0,software,0.0,0.025,0,10,0.0628817081451416
BPSK,0.0314,0.0628,0.045,32,0.02,0.0,1.0,software,90.0,0.0025000000000000005,9,10,0.07823824882507324
QPSK,0.0314,0.6,0.025,32,0.02,0.0,1.0,software,90.0,0.0025000000000000005,9,10,0.06118607521057129
QPSK,0.042,0.0628,0.025,32,0.02,0.02,1.0,software,90.0,0.0025000000000000005,9,10,0.06987166404724121
BPSK,0.0314,0.005,0.01,32,0.02,0.0,1.0,software,90.0,0.0025000000000000005,9,10,0.09018802642822266
QPSK,0.0314,0.25,0.23,32,0.02,0.0,1.0,software,90.0,0.0025000000000000005,9,10,0.08621621131896973
BPSK,0.0314,0.0628,1.0,32,0.03,0.005,0.9999,software,0.0,0.025,0,10,0.06840777397155762
QPSK,0.0314,1.0,0.23,32,0.02,0.0,1.0,software,50.0,0.0125,5,10,0.0639653205871582
QPSK,0.0314,0.045,0.5,32,0.02,0.0,1.0,software,0.0,0.025,0,10,0.07382035255432129
QPSK,0.0314,0.01,0.4,32,0.02,0.0,1.0,software,0.0,0.025,0,10,0.04799914360046387
QPSK,0.0314,0.0628,0.25,32,0.03,0.005,0.9996,software,90.0,0.0025000000000000005,9,10,0.07576990127563477
QPSK,0.0314,0.0628,0.01,32,0.03,0.005,1.0004,software,50.0,0.0125,5,10,0.10931825637817383
BPSK,0.0314,0.0628,0.25,32,0.02,0.0,1.0,software,80.0,0.005000000000000001,8,10,0.06798958778381348
BPSK,0.0314,1.0,0.018,32,0.02,0.0,1.0,software,90.0,0.0025000000000000005,9,10,0.0728757381439209
QPSK,0.0314,0.32,0.5,32,0.02,0.0,1.0,software,0.0,0.025,0,10,0.06539201736450195
BPSK,0.0314,0.32,0.5,32,0.02,0.0,1.0,software,0.0,0.025,0,10,0.06148648262023926
QPSK,0.0314,0.0628,0.25,32,0.03,0.005,1.0008,software,50.0,0.0125,5,10,0.06600117683410645
QPSK,0.0314,0.165,1.0,32,0.02,0.0,1.0,software,0.0,0.025,0,10,0.06363511085510254
BPSK,0.0314,0.0628,0.025,32,0.03,0.005,1.0008,software,60.0,0.010000000000000002,6,10,0.06441330909729004
BPSK,0.0314,0.035,0.25,32,0.02,0.0,1.0,software,80.0,0.005000000000000001,8,10,0.07679080963134766
BPSK,0.0314,0.6,0.5,32,0.02,0.0,1.0,software,0.0,0.025,0,10,0.07603907585144043
QPSK,0.075,0.0628,0.025,32,0.02,0.02,1.0,software,90.0,0.0025000000000000005,9,10,0.05149674415588379
BPSK,0.0314,0.0628,0.025,16,0.35,0.005,1.0001,software,90.0,0.0025000000000000005,9,10,0.08418107032775879
QPSK,0.0314,0.045,0.25,32,0.02,0.0,1.0,software,90.0,0.0025000000000000005,9,10,0.06149148941040039
QPSK,0.65,0.0628,0.025,32,0.02,0.0,1.0,software,0.0,0.025,0,10,0.0712273120880127
QPSK,0.0314,0.035,0.025,32,0.02,0.0,1.0,software,90.0,0.0025000000000000005,9,10,0.06816291809082031
QPSK,0.19,0.0628,0.025,32,0.02,0.02,1.0,software,0.0,0.025,0,10,0.07846403121948242
QPSK,0.0314,1.0,0.018,32,0.02,0.0,1.0,software,50.0,0.0125,5,10,0.06097102165222168
BPSK,0.005,0.0628,0.025,32,0.02,-0.03,1.0,software,80.0,0.005000000000000001,8,10,0.06899380683898926
BPSK,0.0314,0.025,0.115,32,0.02,0.0,1.0,software,60.0,0.010000000000000002,6,10,0.0681910514831543
BPSK,0.8,0.0628,0.025,32,0.02,-0.03,1.0,software,0.0,0.025,0,10,0.06839513778686523
QPSK,0.0314,0.0628,0.025,16,0.25,0.005,1.0001,software,90.0,0.0025000000000000005,9,10,0.06058168411254883
BPSK,0.0314,0.135,0.5,32,0.02,0.0,1.0,software,0.0,0.025,0,10,0.07802844047546387
QPSK,0.0314,0.5,0.25,32,0.02,0.0,1.0,software,90.0,0.0025000000000000005,9,10,0.06985688209533691
QPSK,0.0314,1.0,0.6,32,0.02,0.0,1.0,software,0.0,0.025,0,10,0.07196497917175293
BPSK,0.0314,0.88,0.025,32,0.02,0.0,1.0,software,90.0,0.0025000000000000005,9,10,0.08641457557678223
BPSK,0.0314,0.0628,0.025,24,0.18,0.005,1.0001,software,90.0,0.0025000000000000005,9,10,0.07448458671569824
QPSK,0.0314,0.0628,0.055,32,0.03,0.005,1.0008,software,90.0,0.0025000000000000005,9,10,0.0690462589263916
QPSK,0.0314,0.0628,0.025,16,0.12,0.005,1.0001,software,90.0,0.0025000000000000005,9,10,0.059854984283447266
QPSK,0.0314,0.0628,0.5,32,0.03,0.005,1.0,software,0.0,0.025,0,10,0.0699462890625
BPSK,0.0314,0.135,0.23,32,0.02,0.0,1.0,software,80.0,0.005000000000000001,8,10,0.08407473564147949
BPSK,0.0314,0.01,1.0,32,0.02,0.0,1.0,software,0.0,0.025,0,10,0.10327339172363281
QPSK,0.0314,0.5,0.018,32,0.02,0.0,1.0,software,90.0,0.0025000000000000005,9,10,0.0794687271118164
BPSK,0.35,0.0628,0.025,32,0.02,0.01,1.0,software,90.0,0.0025000000000000005,9,10,0.05231595039367676
QPSK,0.005,0.0628,0.025,32,0.02,0.0,1.0,software,90.0,0.0025000000000000005,9,10,0.05965375900268555
QPSK,0.075,0.0628,0.025,32,0.02,-0.03,1.0,software,90.0,0.0025000000000000005,9,10,0.06070566177368164
BPSK,0.0314,0.0628,0.025,32,0.03,0.005,0.9999,software,90.0,0.0025000000000000005,9,10,0.06760573387145996
QPSK,0.0314,0.0628,0.25,32,0.03,0.005,1.0001,software,90.0,0.0025000000000000005,9,10,0.06029772758483887
BPSK,0.25,0.0628,0.025,32,0.02,-0.01,1.0,software,90.0,0.0025000000000000005,9,10,0.06417465209960938
BPSK,0.0314,0.0628,0.025,32,0.03,0.005,1.0001,software,90.0,0.0025000000000000005,9,10,0.09490585327148438
BPSK,0.0314,0.0628,1.0,32,0.02,0.0,1.0,software,0.0,0.025,0,10,0.06108832359313965
BPSK,1.0,0.0628,0.025,32,0.02,0.01,1.0,software,0.0,0.025,0,10,0.07213139533996582
BPSK,0.0314,0.005,0.25,32,0.02,0.0,1.0,software,80.0,0.005000000000000001,8,10,0.06175351142883301
QPSK,0.0314,0.25,0.035,32,0.02,0.0,1.0,software,90.0,0.0025000000000000005,9,10,0.07580447196960449
BPSK,0.0314,0.0628,0.115,32,0.03,0.005,0.9999,software,80.0,0.005000000000000001,8,10,0.07209491729736328
QPSK,0.0314,0.32,0.25,32,0.02,0.0,1.0,software,90.0,0.0025000000000000005,9,10,0.053072452545166016
QPSK,0.0314,0.0628,0.055,32,0.03,0.005,1.0,software,90.0,0.0025000000000000005,9,10,0.06782865524291992
QPSK,0.0314,0.11,1.0,32,0.02,0.0,1.0,software,0.0,0.025,0,10,0.07016110420227051
QPSK,0.0314,0.25,0.018,32,0.02,0.0,1.0,software,90.0,0.0025000000000000005,9,10,0.06917095184326172
BPSK,0.0314,0.25,0.3,32,0.02,0.0,1.0,software,50.0,0.0125,5,10,0.056174516677856445
BPSK,0.0314,0.0628,0.025,32,0.12,0.005,1.0001,software,90.0,0.0025000000000000005,9,10,0.0904073715209961
QPSK,0.055,0.0628,0.025,32,0.02,0.03,1.0,software,90.0,0.0025000000000000005,9,10,0.055271148681640625
BPSK,0.0314,0.0628,0.5,32,0.03,0.005,0.9996,software,0.0,0.025,0,10,0.0668787956237793
QPSK,0.0314,0.0628,0.025,64,0.18,0.005,1.0001,software,90.0,0.0025000000000000005,9,10,0.0636742115020752
QPSK,0.8,0.0628,0.025,32,0.02,0.03,1.0,software,0.0,0.025,0,10,0.05700111389160156
BPSK,0.0314,0.0628,1.0,32,0.03,0.005,0.9992,software,0.0,0.025,0,10,0.07785439491271973
BPSK,0.0314,0.0628,1.0,32,0.03,0.005,0.9996,software,0.0,0.025,0,10,0.06972408294677734
QPSK,0.0314,0.0628,0.025,32,0.03,0.005,1.0004,software,90.0,0.0025000000000000005,9,10,0.07457232475280762
QPSK,0.0314,0.01,0.045,32,0.02,0.0,1.0,software,20.0,0.020000000000000004,2,10,0.07920145988464355
QPSK,0.0314,0.0628,0.5,32,0.03,0.005,1.0004,software,0.0,0.025,0,10,0.07300305366516113
QPSK,0.0314,0.09,0.5,32,0.02,0.0,1.0,software,0.0,0.025,0,10,0.04944801330566406
QPSK,0.0314,0.0628,0.025,32,0.02,0.01,1.0,software,90.0,0.0025000000000000005,9,10,0.08785271644592285
BPSK,0.0314,0.11,0.055,32,0.02,0.0,1.0,software,90.0,0.0025000000000000005,9,10,0.0481719970703125
QPSK,1.0,0.0628,0.025,32,0.02,0.0,1.0,software,0.0,0.025,0,10,0.07552051544189453
QPSK,0.0314,0.5,0.005,32,0.02,0.0,1.0,software,80.0,0.005000000000000001,8,10,0.07318568229675293
QPSK,0.0314,0.0628,0.025,16,0.18,0.005,1.0001,software,90.0,0.0025000000000000005,9,10,0.06315016746520996
BPSK,0.01,0.0628,0.025,32,0.02,0.03,1.0,software,80.0,0.005000000000000001,8,10,0.06572961807250977
BPSK,0.042,0.0628,0.025,32,0.02,0.03,1.0,software,90.0,0.0025000000000000005,9,10,0.0653371810913086
QPSK,0.005,0.0628,0.025,32,0.02,0.01,1.0,software,90.0,0.0025000000000000005,9,10,0.056149959564208984
QPSK,0.0314,1.0,0.01,32,0.02,0.0,1.0,software,20.0,0.020000000000000004,2,10,0.06282591819763184
QPSK,0.0314,0.035,0.6,32,0.02,0.0,1.0,software,0.0,0.025,0,10,0.06556987762451172
BPSK,0.0314,0.0628,0.025,16,0.5,0.005,1.0001,software,90.0,0.0025000000000000005,9,10,0.0811307430267334
BPSK,0.0314,0.25,0.145,32,0.02,0.0,1.0,software,50.0,0.0125,5,10,0.058768510818481445
BPSK,0.0314,0.01,0.23,32,0.02,0.0,1.0,software,80.0,0.005000000000000001,8,10,0.07991313934326172
QPSK,0.5,0.0628,0.025,32,0.02,0.01,1.0,software,0.0,0.025,0,10,0.053025245666503906
QPSK,0.0314,1.0,0.3,32,0.02,0.0,1.0,software,30.0,0.017499999999999998,3,10,0.06830477714538574
BPSK,0.0314,0.0628,0.025,32,0.5,0.005,1.0001,software,90.0,0.0025000000000000005,9,10,0.05622386932373047
BPSK,0.0314,0.018,0.055,32,0.02,0.0,1.0,software,90.0,0.0025000000000000005,9,10,0.07668018341064453
BPSK,0.35,0.0628,0.025,32,0.02,0.0,1.0,software,90.0,0.0025000000000000005,9,10,0.06952714920043945
BPSK,0.0314,0.0628,0.055,32,0.03,0.005,0.9996,software,90.0,0.0025000000000000005,9,10,0.06446123123168945
QPSK,0.0314,0.0628,0.025,32,0.02,-0.02,1.0,software,90.0,0.0025000000000000005,9,10,0.07181954383850098
BPSK,0.0314,0.0628,0.115,32,0.03,0.005,1.0004,software,70.0,0.0075,7,10,0.07835936546325684
QPSK,0.0314,0.11,0.115,32,0.02,0.0,1.0,software,90.0,0.0025000000000000005,9,10,0.08028912544250488
QPSK,0.0314,0.0628,0.025,32,0.02,-0.01,1.0,software,90.0,0.0025000000000000005,9,10,0.07177972793579102
QPSK,0.075,0.0628,0.025,32,0.02,0.0,1.0,software,90.0,0.0025000000000000005,9,10,0.04935169219970703
QPSK,0.0314,0.0628,0.025,24,0.05,0.005,1.0001,software,90.0,0.0025000000000000005,9,10,0.08820176124572754
BPSK,0.0314,0.5,0.045,32,0.02,0.0,1.0,software,90.0,0.0025000000000000005,9,10,0.07424402236938477
QPSK,0.0314,0.0628,0.01,32,0.03,0.005,1.0001,software,90.0,0.0025000000000000005,9,10,0.06244182586669922
QPSK,0.19,0.0628,0.025,32,0.02,0.03,1.0,software,0.0,0.025,0,10,0.07331442832946777
BPSK,0.0314,0.25,0.055,32,0.02,0.0,1.0,software,90.0,0.0025000000000000005,9,10,0.05950665473937988
BPSK,0.35,0.0628,0.025,32,0.02,0.03,1.0,software,90.0,0.0025000000000000005,9,10,0.0683279037475586
BPSK,1.0,0.0628,0.025,32,0.02,0.03,1.0,software,0.0,0.025,0,10,0.09361076354980469
BPSK,0.0314,0.01,0.005,32,0.02,0.0,1.0,software,90.0,0.0025000000000000005,9,10,0.06563377380371094
BPSK,0.0314,0.01,0.145,32,0.02,0.0,1.0,software,50.0,0.0125,5,10,0.07004475593566895
BPSK,0.0314,0.5,0.88,32,0.02,0.0,1.0,software,0.0,0.025,0,10,0.07772016525268555
QPSK,0.0314,0.2,0.055,32,0.02,0.0,1.0,software,90.0,0.0025000000000000005,9,10,0.08754467964172363
BPSK,0.65,0.0628,0.025,32,0.02,0.01,1.0,software,0.0,0.025,0,10,0.056096792221069336
BPSK,0.0314,0.0628,0.025,32,0.03,0.005,0.9992,software,90.0,0.0025000000000000005,9,10,0.0650031566619873
QPSK,0.0314,0.0628,0.025,32,0.35,0.005,1.0001,software,90.0,0.0025000000000000005,9,10,0.10039687156677246
BPSK,0.005,0.0628,0.025,32,0.02,0.01,1.0,software,90.0,0.0025000000000000005,9,10,0.06688928604125977
BPSK,0.0314,0.0628,0.025,32,0.02,0.0,1.0,software,90.0,0.0025000000000000005,9,10,0.07160830497741699
BPSK,0.0314,0.0628,0.025,32,0.02,-0.02,1.0,software,90.0,0.0025000000000000005,9,10,0.07024812698364258
QPSK,0.0314,0.0628,0.025,48,0.12,0.005,1.0001,software,90.0,0.0025000000000000005,9,10,0.07112431526184082
BPSK,0.0314,1.0,0.01,32,0.02,0.0,1.0,software,80.0,0.005000000000000001,8,10,0.0550684928894043
QPSK,0.0314,0.6,0.115,32,0.02,0.0,1.0,software,90.0,0.0025000000000000005,9,10,0.07342648506164551
BPSK,0.0314,0.135,0.75,32,0.02,0.0,1.0,software,0.0,0.025,0,10,0.06265497207641602
BPSK,0.0314,0.0628,0.025,24,0.05,0.005,1.0001,software,90.0,0.0025000000000000005,9,10,0.06160378456115723
BPSK,0.0314,1.0,0.09,32,0.02,0.0,1.0,software,30.0,0.017499999999999998,3,10,0.05618762969970703
BPSK,0.0314,0.035,1.0,32,0.02,0.0,1.0,software,0.0,0.025,0,10,0.07230186462402344
QPSK,0.0314,0.025,0.025,32,0.02,0.0,1.0,software,90.0,0.0025000000000000005,9,10,0.05712532997131348
BPSK,0.0314,0.035,0.055,32,0.02,0.0,1.0,software,90.0,0.0025000000000000005,9,10,0.07690930366516113
QPSK,0.0314,0.01,0.07,32,0.02,0.0,1.0,software,20.0,0.020000000000000004,2,10,0.07052969932556152
QPSK,0.042,0.0628,0.025,32,0.02,0.01,1.0,software,90.0,0.0025000000000000005,9,10,0.04958677291870117
BPSK,0.0314,0.0628,0.025,32,0.0,0.005,1.0001,software,90.0,0.0,9,10,0.0744011402130127
BPSK,0.0314,0.32,0.115,32,0.02,0.0,1.0,software,60.0,0.010000000000000002,6,10,0.07672333717346191
QPSK,0.0314,0.6,0.25,32,0.02,0.0,1.0,software,80.0,0.005000000000000001,8,10,0.06615185737609863
BPSK,0.0314,0.4,0.25,32,0.02,0.0,1.0,software,80.0,0.005000000000000001,8,10,0.04804372787475586
BPSK,0.0314,0.075,0.025,32,0.02,0.0,1.0,software,90.0,0.0025000000000000005,9,10,0.0661005973815918
BPSK,0.0314,0.0628,0.025,64,0.02,0.005,1.0001,software,80.0,0.005000000000000001,8,10,0.08112025260925293
QPSK,0.0314,0.0628,0.5,32,0.03,0.005,0.9999,software,0.0,0.025,0,10,0.07849311828613281
BPSK,0.0314,0.035,0.025,32,0.02,0.0,1.0,software,90.0,0.0025000000000000005,9,10,0.06130862236022949
BPSK,0.01,0.0628,0.025,32,0.02,0.0,1.0,software,90.0,0.0025000000000000005,9,10,0.05296182632446289
QPSK,0.0314,0.045,0.025,32,0.02,0.0,1.0,software,90.0,0.0025000000000000005,9,10,0.06323838233947754
QPSK,0.0314,1.0,0.005,32,0.02,0.0,1.0,software,0.0,0.025,0,10,0.0738825798034668
QPSK,0.0314,0.0628,0.025,24,0.08,0.005,1.0001,software,90.0,0.0025000000000000005,9,10,0.07336544990539551
BPSK,0.0314,0.0628,0.025,32,0.05,0.005,1.0001,hardware,90.0,0.0025000000000000005,9,10,0.0646824836730957
QPSK,0.0314,0.0628,0.025,32,0.12,0.005,1.0001,hardware,90.0,0.0025000000000000005,9,10,0.06546926498413086
QPSK,0.0314,0.005,1.0,32,0.02,0.0,1.0,software,0.0,0.025,0,10,0.08385539054870605
BPSK,0.0314,0.165,0.025,32,0.02,0.0,1.0,software,90.0,0.0025000000000000005,9,10,0.07375597953796387
BPSK,0.0314,0.035,0.005,32,0.02,0.0,1.0,software,90.0,0.0025000000000000005,9,10,0.07707595825195312
QPSK,0.0314,0.0628,0.115,32,0.03,0.005,0.9999,software,90.0,0.0025000000000000005,9,10,0.057366132736206055
QPSK,0.0314,0.11,0.25,32,0.02,0.0,1.0,software,90.0,0.0025000000000000005,9,10,0.0715489387512207
BPSK,0.0314,0.035,0.145,32,0.02,0.0,1.0,software,50.0,0.0125,5,10,0.059419870376586914
QPSK,0.0314,0.25,0.75,32,0.02,0.0,1.0,software,0.0,0.025,0,10,0.06998372077941895
QPSK,0.0314,0.135,0.035,32,0.02,0.0,1.0,software,90.0,0.0025000000000000005,9,10,0.06689214706420898
BPSK,0.0314,0.25,0.07,32,0.02,0.0,1.0,software,50.0,0.0125,5,10,0.06226181983947754
QPSK,0.0314,0.0628,0.025,24,0.12,0.005,1.0001,software,90.0,0.0025000000000000005,9,10,0.0855860710144043
BPSK,0.0314,0.2,0.01,32,0.02,0.0,1.0,software,90.0,0.0025000000000000005,9,10,0.06727051734924316
QPSK,0.055,0.0628,0.025,32,0.02,-0.02,1.0,software,90.0,0.0025000000000000005,9,10,0.05550861358642578
QPSK,0.0314,0.0628,0.025,24,0.0,0.005,1.0001,software,90.0,0.0,9,10,0.05258750915527344
BPSK,0.0314,0.135,1.0,32,0.02,0.0,1.0,software,0.0,0.025,0,10,0.08726859092712402
BPSK,0.0314,0.01,0.055,32,0.02,0.0,1.0,software,90.0,0.0025000000000000005,9,10,0.05647158622741699
QPSK,0.0314,0.2,0.25,32,0.02,0.0,1.0,software,90.0,0.0025000000000000005,9,10,0.05460405349731445
QPSK,0.0314,0.01,0.055,32,0.02,0.0,1.0,software,20.0,0.020000000000000004,2,10,0.060564279556274414
QPSK,0.65,0.0628,0.025,32,0.02,0.03,1.0,software,0.0,0.025,0,10,0.07422065734863281
QPSK,0.005,0.0628,0.025,32,0.02,-0.01,1.0,software,90.0,0.0025000000000000005,9,10,0.07431888580322266
QPSK,0.0314,0.0628,0.025,48,0.35,0.005,1.0001,software,90.0,0.0025000000000000005,9,10,0.07067561149597168
BPSK,0.0314,0.0628,0.025,32,0.25,0.005,1.0001,hardware,90.0,0.0025000000000000005,9,10,0.0762636661529541
BPSK,0.0314,0.075,0.25,32,0.02,0.0,1.0,software,80.0,0.005000000000000001,8,10,0.06491446495056152
QPSK,0.018,0.0628,0.025,32,0.02,-0.03,1.0,software,80.0,0.005000000000000001,8,10,0.061431169509887695
QPSK,0.0314,0.2,0.5,32,0.02,0.0,1.0,software,0.0,0.025,0,10,0.06939554214477539
QPSK,0.0314,0.5,0.09,32,0.02,0.0,1.0,software,90.0,0.0025000000000000005,9,10,0.09179425239562988
BPSK,0.0314,0.0628,0.01,32,0.03,0.005,0.9999,software,90.0,0.0025000000000000005,9,10,0.09211564064025879
BPSK,0.0314,0.25,0.4,32,0.02,0.0,1.0,software,0.0,0.025,0,10,0.0597074031829834
BPSK,0.0314,0.5,0.23,32,0.02,0.0,1.0,software,80.0,0.005000000000000001,8,10,0.07026934623718262
QPSK,0.0314,0.035,0.145,32,0.02,0.0,1.0,software,90.0,0.0025000000000000005,9,10,0.06993842124938965
BPSK,0.005,0.0628,0.025,32,0.02,0.03,1.0,software,80.0,0.005000000000000001,8,10,0.0630960464477539
QPSK,0.0314,0.165,0.025,32,0.02,0.0,1.0,software,90.0,0.0025000000000000005,9,10,0.06528401374816895
BPSK,0.0314,0.6,0.025,32,0.02,0.0,1.0,software,90.0,0.0025000000000000005,9,10,0.05994701385498047
BPSK,0.026,0.0628,0.025,32,0.02,0.0,1.0,software,90.0,0.0025000000000000005,9,10,0.06373047828674316
QPSK,0.0314,0.135,0.88,32,0.02,0.0,1.0,software,0.0,0.025,0,10,0.0771176815032959
QPSK,0.0314,0.0628,0.025,32,0.03,0.005,0.9992,software,90.0,0.0025000000000000005,9,10,0.053415536880493164
QPSK,0.0314,0.035,0.18,32,0.02,0.0,1.0,software,90.0,0.0025000000000000005,9,10,0.06720852851867676
BPSK,0.65,0.0628,0.025,32,0.02,-0.01,1.0,software,0.0,0.025,0,10,0.06446123123168945
QPSK,0.0314,0.88,0.25,32,0.02,0.0,1.0,software,70.0,0.0075,7,10,0.07855629920959473
QPSK,0.0314,0.88,1.0,32,0.02,0.0,1.0,software,0.0,0.025,0,10,0.07630252838134766
BPSK,0.0314,0.045,0.25,32,0.02,0.0,1.0,software,80.0,0.005000000000000001,8,10,0.05759286880493164
BPSK,0.0314,0.0628,0.035,32,0.02,0.0,1.0,software,90.0,0.0025000000000000005,9,10,0.05495166778564453
QPSK,0.0314,1.0,0.18,32,0.02,0.0,1.0,software,70.0,0.0075,7,10,0.07060503959655762
BPSK,0.0314,0.075,0.055,32,0.02,0.0,1.0,software,90.0,0.0025000000000000005,9,10,0.05883598327636719
BPSK,0.026,0.0628,0.025,32,0.02,0.03,1.0,software,90.0,0.0025000000000000005,9,10,0.09645462036132812
QPSK,0.65,0.0628,0.025,32,0.02,-0.01,1.0,software,0.0,0.025,0,10,0.06047630310058594
BPSK,0.0314,0.025,1.0,32,0.02,0.0,1.0,software,0.0,0.025,0,10,0.09050488471984863
BPSK,0.0314,0.005,0.115,32,0.02,0.0,1.0,software,60.0,0.010000000000000002,6,10,0.05335235595703125
BPSK,0.0314,0.11,0.25,32,0.02,0.0,1.0,software,80.0,0.005000000000000001,8,10,0.06709671020507812
BPSK,0.0314,0.135,0.025,32,0.02,0.0,1.0,software,90.0,0.0025000000000000005,9,10,0.06450510025024414
QPSK,0.14,0.0628,0.025,32,0.02,-0.03,1.0,software,10.0,0.022500000000000003,1,10,0.07171797752380371
QPSK,0.35,0.0628,0.025,32,0.02,-0.02,1.0,software,0.0,0.025,0,10,0.05991220474243164
QPSK,0.0314,0.035,0.07,32,0.02,0.0,1.0,software,90.0,0.0025000000000000005,9,10,0.06393980979919434
BPSK,0.018,0.0628,0.025,32,0.02,0.01,1.0,software,90.0,0.0025000000000000005,9,10,0.06545805931091309
BPSK,0.14,0.0628,0.025,32,0.02,0.03,1.0,software,90.0,0.0025000000000000005,9,10,0.06862878799438477
BPSK,0.8,0.0628,0.025,32,0.02,-0.02,1.0,software,0.0,0.025,0,10,0.060120582580566406
QPSK,0.0314,0.0628,0.025,32,0.02,0.03,1.0,software,90.0,0.0025000000000000005,9,10,0.06139683723449707
BPSK,0.0314,0.0628,0.025,24,0.25,0.005,1.0001,software,90.0,0.0025000000000000005,9,10,0.05372309684753418
BPSK,0.0314,0.5,0.6,32,0.02,0.0,1.0,software,0.0,0.025,0,10,0.06964349746704102
QPSK,0.0314,0.25,0.09,32,0.02,0.0,1.0,software,90.0,0.0025000000000000005,9,10,0.0589754581451416
BPSK,0.0314,0.0628,0.01,32,0.03,0.005,1.0004,software,20.0,0.020000000000000004,2,10,0.05395030975341797
BPSK,0.0314,0.0628,0.055,32,0.03,0.005,0.9999,software,90.0,0.0025000000000000005,9,10,0.07907485961914062
QPSK,0.0314,0.035,0.115,32,0.02,0.0,1.0,software,90.0,0.0025000000000000005,9,10,0.07084393501281738
QPSK,0.0314,0.005,0.25,32,0.02,0.0,1.0,software,10.0,0.022500000000000003,1,10,0.06256628036499023
QPSK,0.075,0.0628,0.025,32,0.02,-0.01,1.0,software,90.0,0.0025000000000000005,9,10,0.0673520565032959
QPSK,0.075,0.0628,0.025,32,0.02,0.01,1.0,software,90.0,0.0025000000000000005,9,10,0.061656951904296875
BPSK,0.0314,0.5,0.18,32,0.02,0.0,1.0,software,40.0,0.015,4,10,0.07291913032531738
BPSK,0.0314,0.32,0.01,32,0.02,0.0,1.0,software,90.0,0.0025000000000000005,9,10,0.10526132583618164
BPSK,0.0314,0.25,0.01,32,0.02,0.0,1.0,software,90.0,0.0025000000000000005,9,10,0.08415389060974121
QPSK,0.19,0.0628,0.025,32,0.02,0.01,1.0,software,0.0,0.025,0,10,0.08881211280822754
QPSK,0.0314,1.0,0.145,32,0.02,0.0,1.0,software,60.0,0.010000000000000002,6,10,0.056203603744506836
QPSK,0.0314,0.0628,0.5,32,0.03,0.005,0.9996,software,0.0,0.025,0,10,0.06244659423828125
QPSK,0.0314,1.0,0.055,32,0.02,0.0,1.0,software,70.0,0.0075,7,10,0.07426738739013672
BPSK,0.0314,0.035,0.5,32,0.02,0.0,1.0,software,0.0,0.025,0,10,0.0843510627746582
BPSK,0.0314,0.0628,0.025,32,0.18,0.005,1.0001,software,90.0,0.0025000000000000005,9,10,0.07129836082458496
BPSK,0.0314,0.0628,0.115,32,0.03,0.005,1.0008,software,70.0,0.0075,7,10,0.06778645515441895
QPSK,0.0314,0.25,0.88,32,0.02,0.0,1.0,software,0.0,0.025,0,10,0.06534934043884277
QPSK,0.0314,0.035,0.09,32,0.02,0.0,1.0,software,90.0,0.0025000000000000005,9,10,0.07792520523071289
BPSK,0.0314,0.09,0.025,32,0.02,0.0,1.0,software,90.0,0.0025000000000000005,9,10,0.08623313903808594
QPSK,0.0314,0.25,1.0,32,0.02,0.0,1.0,software,0.0,0.025,0,10,0.07752609252929688
QPSK,0.0314,0.6,0.01,32,0.02,0.0,1.0,software,80.0,0.005000000000000001,8,10,0.0675816535949707
BPSK,0.0314,0.25,0.23,32,0.02,0.0,1.0,software,80.0,0.005000000000000001,8,10,0.07121467590332031
BPSK,0.65,0.0628,0.025,32,0.02,0.0,1.0,software,0.0,0.025,0,10,0.06629419326782227
BPSK,0.0314,0.0628,0.025,48,0.5,0.005,1.0001,software,20.0,0.020000000000000004,2,10,0.0658876895904541
BPSK,0.0314,0.045,0.5,32,0.02,0.0,1.0,software,0.0,0.025,0,10,0.07285857200622559
BPSK,0.0314,0.135,0.018,32,0.02,0.0,1.0,software,90.0,0.0025000000000000005,9,10,0.05838418006896973
QPSK,0.5,0.0628,0.025,32,0.02,0.03,1.0,software,0.0,0.025,0,10,0.06927371025085449
QPSK,0.0314,1.0,0.75,32,0.02,0.0,1.0,software,0.0,0.025,0,10,0.06550288200378418
BPSK,0.0314,0.0628,0.01,32,0.03,0.005,0.9996,software,90.0,0.0025000000000000005,9,10,0.06760025024414062
BPSK,0.0314,0.0628,0.025,24,0.12,0.005,1.0001,software,90.0,0.0025000000000000005,9,10,0.06894373893737793
QPSK,0.0314,0.25,0.025,32,0.02,0.0,1.0,software,90.0,0.0025000000000000005,9,10,0.06922340393066406
QPSK,0.0314,0.035,0.018,32,0.02,0.0,1.0,software,90.0,0.0025000000000000005,9,10,0.0980217456817627
BPSK,0.0314,0.01,0.5,32,0.02,0.0,1.0,software,0.0,0.025,0,10,0.07147741317749023
BPSK,0.0314,0.035,0.035,32,0.02,0.0,1.0,software,90.0,0.0025000000000000005,9,10,0.07315754890441895
QPSK,0.1,0.0628,0.025,32,0.02,-0.03,1.0,software,40.0,0.015,4,10,0.05071687698364258
QPSK,0.0314,0.135,0.145,32,0.02,0.0,1.0,software,90.0,0.0025000000000000005,9,10,0.06785130500793457
BPSK,0.0314,0.0628,1.0,32,0.03,0.005,1.0004,software,0.0,0.025,0,10,0.09099555015563965
QPSK,0.0314,0.135,0.25,32,0.02,0.0,1.0,software,90.0,0.0025000000000000005,9,10,0.04178786277770996
QPSK,0.0314,1.0,1.0,32,0.02,0.0,1.0,software,0.0,0.025,0,10,0.060266971588134766
QPSK,0.35,0.0628,0.025,32,0.02,0.0,1.0,software,0.0,0.025,0,10,0.08546710014343262
QPSK,0.0314,0.0628,0.025,24,0.18,0.005,1.0001,software,90.0,0.0025000000000000005,9,10,0.06283092498779297
BPSK,0.0314,0.0628,0.055,32,0.03,0.005,1.0,software,90.0,0.0025000000000000005,9,10,0.05106210708618164
QPSK,0.0314,0.0628,0.025,24,0.35,0.005,1.0001,software,90.0,0.0025000000000000005,9,10,0.06757950782775879
QPSK,0.042,0.0628,0.025,32,0.02,0.03,1.0,software,90.0,0.0025000000000000005,9,10,0.05262947082519531
BPSK,0.0314,0.09,1.0,32,0.02,0.0,1.0,software,0.0,0.025,0,10,0.06555819511413574
BPSK,0.0314,0.165,1.0,32,0.02,0.0,1.0,software,0.0,0.025,0,10,0.047356367111206055
BPSK,0.14,0.0628,0.025,32,0.02,0.02,1.0,software,90.0,0.0025000000000000005,9,10,0.06854653358459473
QPSK,0.0314,0.25,0.055,32,0.02,0.0,1.0,software,90.0,0.0025000000000000005,9,10,0.06739592552185059
BPSK,0.005,0.0628,0.025,32,0.02,0.0,1.0,software,90.0,0.0025000000000000005,9,10,0.0767831802368164
BPSK,0.0314,0.5,0.025,32,0.02,0.0,1.0,software,90.0,0.0025000000000000005,9,10,0.07427525520324707
QPSK,0.0314,0.0628,0.4,32,0.02,0.0,1.0,software,0.0,0.025,0,10,0.055123329162597656
QPSK,0.0314,0.25,0.045,32,0.02,0.0,1.0,software,90.0,0.0025000000000000005,9,10,0.07476925849914551
QPSK,0.0314,0.018,0.055,32,0.02,0.0,1.0,software,50.0,0.0125,5,10,0.07080888748168945
BPSK,0.0314,0.01,0.88,32,0.02,0.0,1.0,software,0.0,0.025,0,10,0.06326937675476074
QPSK,0.0314,0.075,0.025,32,0.02,0.0,1.0,software,90.0,0.0025000000000000005,9,10,0.05608177185058594
QPSK,0.0314,0.0628,0.025,32,0.18,0.005,1.0001,software,90.0,0.0025000000000000005,9,10,0.06376051902770996
QPSK,0.075,0.0628,0.025,32,0.02,0.03,1.0,software,90.0,0.0025000000000000005,9,10,0.06529021263122559
QPSK,0.14,0.0628,0.025,32,0.02,-0.02,1.0,software,10.0,0.022500000000000003,1,10,0.07258009910583496
BPSK,0.1,0.0628,0.025,32,0.02,0.01,1.0,software,90.0,0.0025000000000000005,9,10,0.07222151756286621
QPSK,0.005,0.0628,0.025,32,0.02,-0.02,1.0,software,80.0,0.005000000000000001,8,10,0.07764887809753418
BPSK,0.25,0.0628,0.025,32,0.02,0.0,1.0,software,90.0,0.0025000000000000005,9,10,0.058783769607543945
BPSK,0.0314,0.25,0.025,32,0.02,0.0,1.0,software,90.0,0.0025000000000000005,9,10,0.08579587936401367
BPSK,0.35,0.0628,0.025,32,0.02,-0.01,1.0,software,80.0,0.005000000000000001,8,10,0.06913423538208008
BPSK,0.5,0.0628,0.025,32,0.02,0.0,1.0,software,0.0,0.025,0,10,0.08363914489746094
QPSK,0.0314,0.01,0.6,32,0.02,0.0,1.0,software,0.0,0.025,0,10,0.07218647003173828
QPSK,0.0314,0.5,0.23,32,0.02,0.0,1.0,software,90.0,0.0025000000000000005,9,10,0.05562186241149902
BPSK,0.0314,0.0628,0.025,32,0.03,0.005,1.0004,software,40.0,0.015,4,10,0.06586074829101562
QPSK,0.0314,1.0,0.035,32,0.02,0.0,1.0,software,30.0,0.017499999999999998,3,10,0.09060502052307129
BPSK,0.0314,0.005,1.0,32,0.02,0.0,1.0,software,0.0,0.025,0,10,0.08928442001342773
QPSK,0.0314,0.01,0.88,32,0.02,0.0,1.0,software,0.0,0.025,0,10,0.08834338188171387
BPSK,0.018,0.0628,0.025,32,0.02,-0.01,1.0,software,90.0,0.0025000000000000005,9,10,0.056394338607788086
QPSK,0.0314,0.035,0.055,32,0.02,0.0,1.0,software,90.0,0.0025000000000000005,9,10,0.061165809631347656
QPSK,0.0314,0.035,0.88,32,0.02,0.0,1.0,software,0.0,0.025,0,10,0.06299376487731934
QPSK,0.0314,0.025,1.0,32,0.02,0.0,1.0,software,0.0,0.025,0,10,0.05314159393310547
BPSK,0.0314,0.035,0.18,32,0.02,0.0,1.0,software,40.0,0.015,4,10,0.06775093078613281
QPSK,0.35,0.0628,0.025,32,0.02,-0.03,1.0,software,0.0,0.025,0,10,0.08279728889465332
QPSK,0.0314,0.0628,0.055,32,0.03,0.005,0.9996,software,90.0,0.0025000000000000005,9,10,0.05062270164489746
BPSK,0.0314,0.0628,0.025,32,0.35,0.005,1.0001,software,90.0,0.0025000000000000005,9,10,0.07279515266418457
QPSK,0.0314,0.055,0.01,32,0.02,0.0,1.0,software,90.0,0.0025000000000000005,9,10,0.06341290473937988
QPSK,0.0314,0.0628,0.025,64,0.25,0.005,1.0001,software,90.0,0.0025000000000000005,9,10,0.06146574020385742
BPSK,0.0314,0.045,1.0,32,0.02,0.0,1.0,software,0.0,0.025,0,10,0.06156516075134277
BPSK,0.0314,0.0628,1.0,32,0.03,0.005,1.0008,software,0.0,0.025,0,10,0.07536864280700684
BPSK,0.018,0.0628,0.025,32,0.02,0.0,1.0,software,90.0,0.0025000000000000005,9,10,0.06616950035095215
BPSK,0.018,0.0628,0.025,32,0.02,-0.02,1.0,software,90.0,0.0025000000000000005,9,10,0.05258750915527344
QPSK,0.1,0.0628,0.025,32,0.02,-0.02,1.0,software,40.0,0.015,4,10,0.07579207420349121
QPSK,0.0314,0.0628,0.025,48,0.25,0.005,1.0001,software,90.0,0.0025000000000000005,9,10,0.08094382286071777
BPSK,0.0314,0.135,0.055,32,0.02,0.0,1.0,software,90.0,0.0025000000000000005,9,10,0.06102585792541504
QPSK,0.0314,1.0,0.4,32,0.02,0.0,1.0,software,0.0,0.025,0,10,0.0706784725189209
QPSK,0.0314,0.0628,0.025,32,0.5,0.005,1.0001,software,70.0,0.0075,7,10,0.06401729583740234
BPSK,0.0314,0.018,0.115,32,0.02,0.0,1.0,software,60.0,0.010000000000000002,6,10,0.07870054244995117
BPSK,0.0314,0.035,0.88,32,0.02,0.0,1.0,software,0.0,0.025,0,10,0.08191847801208496
QPSK,0.0314,0.0628,0.025,32,0.03,0.005,1.0001,software,90.0,0.0025000000000000005,9,10,0.09939050674438477
BPSK,0.0314,0.0628,0.4,32,0.02,0.0,1.0,software,0.0,0.025,0,10,0.08764910697937012
BPSK,0.0314,0.0628,0.025,64,0.0,0.005,1.0001,software,70.0,0.15,7,10,0.06619644165039062
QPSK,0.0314,0.0628,0.6,32,0.02,0.0,1.0,software,0.0,0.025,0,10,0.050504446029663086
BPSK,0.075,0.0628,0.025,32,0.02,-0.01,1.0,software,90.0,0.0025000000000000005,9,10,0.07379317283630371
QPSK,0.075,0.0628,0.025,32,0.02,-0.02,1.0,software,90.0,0.0025000000000000005,9,10,0.0891261100769043
BPSK,0.0314,0.09,0.115,32,0.02,0.0,1.0,software,60.0,0.010000000000000002,6,10,0.04825544357299805
QPSK,0.0314,0.0628,0.115,32,0.03,0.005,1.0008,software,90.0,0.0025000000000000005,9,10,0.06511211395263672
BPSK,0.0314,0.0628,0.025,16,0.02,0.005,1.0001,software,90.0,0.0025000000000000005,9,10,0.08664321899414062
BPSK,0.0314,0.045,0.025,32,0.02,0.0,1.0,software,90.0,0.0025000000000000005,9,10,0.07742738723754883
QPSK,0.0314,0.055,0.115,32,0.02,0.0,1.0,software,90.0,0.0025000000000000005,9,10,0.05026984214782715
QPSK,0.0314,0.0628,0.025,64,0.05,0.005,1.0001,software,90.0,0.0025000000000000005,9,10,0.06678032875061035
QPSK,0.0314,0.5,0.025,32,0.02,0.0,1.0,software,90.0,0.0025000000000000005,9,10,0.08513069152832031
BPSK,0.0314,0.5,0.5,32,0.02,0.0,1.0,software,0.0,0.025,0,10,0.0567929744720459
QPSK,0.0314,0.01,0.5,32,0.02,0.0,1.0,software,0.0,0.025,0,10,0.06480979919433594
QPSK,0.0314,0.055,0.025,32,0.02,0.0,1.0,software,90.0,0.0025000000000000005,9,10,0.07897353172302246
QPSK,0.042,0.0628,0.025,32,0.02,-0.02,1.0,software,90.0,0.0025000000000000005,9,10,0.0676121711730957
BPSK,0.0314,0.165,0.01,32,0.02,0.0,1.0,software,90.0,0.0025000000000000005,9,10,0.06081032752990723
QPSK,0.0314,0.0628,0.025,16,0.5,0.005,1.0001,software,80.0,0.005000000000000001,8,10,0.057541847229003906
BPSK,0.0314,0.2,0.025,32,0.02,0.0,1.0,software,90.0,0.0025000000000000005,9,10,0.08859801292419434
QPSK,0.0314,0.005,0.01,32,0.02,0.0,1.0,software,0.0,0.025,0,10,0.0675511360168457
QPSK,0.0314,0.0628,0.055,32,0.03,0.005,1.0001,software,90.0,0.0025000000000000005,9,10,0.06893563270568848
BPSK,0.0314,1.0,0.18,32,0.02,0.0,1.0,software,40.0,0.015,4,10,0.0664820671081543
BPSK,0.005,0.0628,0.025,32,0.02,-0.01,1.0,software,90.0,0.0025000000000000005,9,10,0.06115436553955078
BPSK,0.1,0.0628,0.025,32,0.02,-0.01,1.0,software,90.0,0.0025000000000000005,9,10,0.06800985336303711
QPSK,0.0314,0.32,1.0,32,0.02,0.0,1.0,software,0.0,0.025,0,10,0.07635617256164551
BPSK,0.0314,0.0628,0.25,32,0.03,0.005,1.0,software,80.0,0.005000000000000001,8,10,0.07173776626586914
QPSK,0.0314,0.165,0.5,32,0.02,0.0,1.0,software,0.0,0.025,0,10,0.06382393836975098
QPSK,0.0314,0.01,0.035,32,0.02,0.0,1.0,software,20.0,0.020000000000000004,2,10,0.06983160972595215
BPSK,0.0314,0.11,0.5,32,0.02,0.0,1.0,software,0.0,0.025,0,10,0.08440661430358887
BPSK,0.0314,0.0628,0.01,32,0.02,0.0,1.0,software,90.0,0.0025000000000000005,9,10,0.09965038299560547
BPSK,0.0314,0.11,0.01,32,0.02,0.0,1.0,software,90.0,0.0025000000000000005,9,10,0.0680382251739502
QPSK,0.0314,0.4,0.115,32,0.02,0.0,1.0,software,90.0,0.0025000000000000005,9,10,0.04713559150695801
BPSK,0.0314,0.035,0.75,32,0.02,0.0,1.0,software,0.0,0.025,0,10,0.0694429874420166
QPSK,0.0314,0.5,0.035,32,0.02,0.0,1.0,software,90.0,0.0025000000000000005,9,10,0.06837797164916992
BPSK,0.19,0.0628,0.025,32,0.02,0.02,1.0,software,90.0,0.0025000000000000005,9,10,0.050426483154296875
BPSK,0.0314,0.0628,0.5,32,0.02,0.0,1.0,software,0.0,0.025,0,10,0.07967281341552734
QPSK,0.35,0.0628,0.025,32,0.02,-0.01,1.0,software,0.0,0.025,0,10,0.07023072242736816
BPSK,0.0314,0.0628,0.01,32,0.03,0.005,1.0001,software,90.0,0.0025000000000000005,9,10,0.05417990684509277
BPSK,0.0314,0.165,0.25,32,0.02,0.0,1.0,software,80.0,0.005000000000000001,8,10,0.06537961959838867
BPSK,0.5,0.0628,0.025,32,0.02,-0.03,1.0,software,0.0,0.025,0,10,0.07682061195373535
QPSK,0.0314,0.135,0.6,32,0.02,0.0,1.0,software,0.0,0.025,0,10,0.08430624008178711
BPSK,0.65,0.0628,0.025,32,0.02,0.02,1.0,software,0.0,0.025,0,10,0.054489850997924805
QPSK,0.25,0.0628,0.025,32,0.02,0.0,1.0,software,0.0,0.025,0,10,0.07326459884643555
BPSK,0.055,0.0628,0.025,32,0.02,-0.03,1.0,software,90.0,0.0025000000000000005,9,10,0.07292890548706055
QPSK,0.0314,0.0628,0.025,32,0.03,0.005,0.9999,software,90.0,0.0025000000000000005,9,10,0.07439970970153809
BPSK,0.0314,1.0,1.0,32,0.02,0.0,1.0,software,0.0,0.025,0,10,0.05481457710266113
QPSK,0.0314,0.0628,0.045,32,0.02,0.0,1.0,software,90.0,0.0025000000000000005,9,10,0.061699628829956055
QPSK,0.0314,0.5,0.3,32,0.02,0.0,1.0,software,90.0,0.0025000000000000005,9,10,0.07379770278930664
BPSK,0.0314,0.01,0.25,32,0.02,0.0,1.0,software,80.0,0.005000000000000001,8,10,0.07647824287414551
BPSK,0.0314,0.035,0.4,32,0.02,0.0,1.0,software,0.0,0.025,0,10,0.05708503723144531
BPSK,0.0314,0.135,0.25,32,0.02,0.0,1.0,software,80.0,0.005000000000000001,8,10,0.08127450942993164
QPSK,0.0314,0.11,0.01,32,0.02,0.0,1.0,software,90.0,0.0025000000000000005,9,10,0.06711673736572266
QPSK,1.0,0.0628,0.025,32,0.02,0.01,1.0,software,0.0,0.025,0,10,0.06344270706176758
QPSK,0.0314,0.035,0.01,32,0.02,0.0,1.0,software,90.0,0.0025000000000000005,9,10,0.06572151184082031
BPSK,0.1,0.0628,0.025,32,0.02,0.0,1.0,software,90.0,0.0025000000000000005,9,10,0.058536529541015625
BPSK,0.0314,0.0628,0.005,32,0.02,0.0,1.0,software,90.0,0.0025000000000000005,9,10,0.06575179100036621
QPSK,0.0314,0.0628,0.025,48,0.08,0.005,1.0001,software,90.0,0.0025000000000000005,9,10,0.06769800186157227
BPSK,0.0314,0.0628,0.055,32,0.03,0.005,1.0008,software,80.0,0.005000000000000001,8,10,0.07260942459106445
QPSK,0.0314,0.09,0.115,32,0.02,0.0,1.0,software,90.0,0.0025000000000000005,9,10,0.05719590187072754
BPSK,0.0314,0.0628,0.025,32,0.08,0.005,1.0001,hardware,90.0,0.0025000000000000005,9,10,0.07384014129638672
BPSK,0.0314,0.01,0.3,32,0.02,0.0,1.0,software,50.0,0.0125,5,10,0.07600140571594238
BPSK,0.0314,0.88,0.25,32,0.02,0.0,1.0,software,80.0,0.005000000000000001,8,10,0.07057428359985352
QPSK,0.0314,0.5,0.4,32,0.02,0.0,1.0,software,0.0,0.025,0,10,0.06760978698730469
QPSK,0.0314,0.055,0.25,32,0.02,0.0,1.0,software,90.0,0.0025000000000000005,9,10,0.06891107559204102
QPSK,0.0314,0.75,1.0,32,0.02,0.0,1.0,software,0.0,0.025,0,10,0.0648808479309082
QPSK,0.0314,0.035,0.23,32,0.02,0.0,1.0,software,90.0,0.0025000000000000005,9,10,0.08061695098876953
BPSK,0.0314,0.165,0.055,32,0.02,0.0,1.0,software,90.0,0.0025000000000000005,9,10,0.06657052040100098
QPSK,0.14,0.0628,0.025,32,0.02,0.02,1.0,software,10.0,0.022500000000000003,1,10,0.04839038848876953
QPSK,0.055,0.0628,0.025,32,0.02,0.0,1.0,software,90.0,0.0025000000000000005,9,10,0.06900763511657715
BPSK,0.19,0.0628,0.025,32,0.02,-0.03,1.0,software,90.0,0.0025000000000000005,9,10,0.08512282371520996
QPSK,0.0314,0.0628,0.01,32,0.03,0.005,0.9996,software,90.0,0.0025000000000000005,9,10,0.06340551376342773
QPSK,0.0314,0.035,0.4,32,0.02,0.0,1.0,software,0.0,0.025,0,10,0.05598640441894531
BPSK,0.0314,0.25,1.0,32,0.02,0.0,1.0,software,0.0,0.025,0,10,0.07703995704650879
QPSK,0.14,0.0628,0.025,32,0.02,0.03,1.0,software,10.0,0.022500000000000003,1,10,0.06133317947387695
QPSK,0.35,0.0628,0.025,32,0.02,0.01,1.0,software,0.0,0.025,0,10,0.06064653396606445
QPSK,0.0314,0.6,1.0,32,0.02,0.0,1.0,software,0.0,0.025,0,10,0.07199478149414062
BPSK,0.0314,0.055,0.055,32,0.02,0.0,1.0,software,90.0,0.0025000000000000005,9,10,0.05195736885070801
QPSK,0.0314,0.75,0.25,32,0.02,0.0,1.0,software,80.0,0.005000000000000001,8,10,0.060821533203125
BPSK,0.0314,1.0,0.145,32,0.02,0.0,1.0,software,10.0,0.022500000000000003,1,10,0.061469078063964844
BPSK,0.055,0.0628,0.025,32,0.02,0.0,1.0,software,90.0,0.0025000000000000005,9,10,0.05898761749267578
QPSK,0.0314,0.0628,0.025,16,0.35,0.005,1.0001,software,90.0,0.0025000000000000005,9,10,0.05519700050354004
QPSK,0.0314,0.75,0.5,32,0.02,0.0,1.0,software,0.0,0.025,0,10,0.07840466499328613
BPSK,0.0314,0.055,0.25,32,0.02,0.0,1.0,software,80.0,0.005000000000000001,8,10,0.08175492286682129
BPSK,0.19,0.0628,0.025,32,0.02,0.0,1.0,software,90.0,0.0025000000000000005,9,10,0.057373762130737305
BPSK,0.0314,0.01,0.035,32,0.02,0.0,1.0,software,90.0,0.0025000000000000005,9,10,0.0835568904876709
BPSK,0.0314,0.32,0.055,32,0.02,0.0,1.0,software,90.0,0.0025000000000000005,9,10,0.07166624069213867
QPSK,0.018,0.0628,0.025,32,0.02,0.01,1.0,software,90.0,0.0025000000000000005,9,10,0.09218192100524902
QPSK,0.0314,0.0628,0.025,32,0.08,0.005,1.0001,hardware,90.0,0.0025000000000000005,9,10,0.05449533462524414
BPSK,0.65,0.0628,0.025,32,0.02,0.03,1.0,software,0.0,0.025,0,10,0.07122015953063965
QPSK,0.19,0.0628,0.025,32,0.02,-0.03,1.0,software,0.0,0.025,0,10,0.08049607276916504
QPSK,0.0314,0.055,0.055,32,0.02,0.0,1.0,software,90.0,0.0025000000000000005,9,10,0.0792391300201416
QPSK,0.5,0.0628,0.025,32,0.02,-0.03,1.0,software,0.0,0.025,0,10,0.07287216186523438
QPSK,0.0314,0.5,0.6,32,0.02,0.0,1.0,software,0.0,0.025,0,10,0.06623291969299316
BPSK,0.0314,0.0628,0.025,64,0.05,0.005,1.0001,software,70.0,0.0075,7,10,0.06177115440368652
BPSK,0.8,0.0628,0.025,32,0.02,0.02,1.0,software,0.0,0.025,0,10,0.07853007316589355
BPSK,0.0314,0.6,1.0,32,0.02,0.0,1.0,software,0.0,0.025,0,10,0.052910566329956055
BPSK,1.0,0.0628,0.025,32,0.02,-0.03,1.0,software,0.0,0.025,0,10,0.0612483024597168
QPSK,0.0314,0.0628,0.115,32,0.03,0.005,0.9996,software,90.0,0.0025000000000000005,9,10,0.0689706802368164
QPSK,0.1,0.0628,0.025,32,0.02,0.02,1.0,software,40.0,0.015,4,10,0.05686306953430176
BPSK,0.8,0.0628,0.025,32,0.02,-0.01,1.0,software,0.0,0.025,0,10,0.07627248764038086
BPSK,0.0314,0.01,0.09,32,0.02,0.0,1.0,software,30.0,0.017499999999999998,3,10,0.06726503372192383
BPSK,0.0314,0.018,1.0,32,0.02,0.0,1.0,software,0.0,0.025,0,10,0.04618716239929199
BPSK,0.1,0.0628,0.025,32,0.02,-0.02,1.0,software,90.0,0.0025000000000000005,9,10,0.0753624439239502
BPSK,0.0314,0.135,0.09,32,0.02,0.0,1.0,software,30.0,0.017499999999999998,3,10,0.08227014541625977
QPSK,0.0314,0.0628,0.5,32,0.03,0.005,1.0008,software,10.0,0.022500000000000003,1,10,0.0596621036529541
QPSK,0.0314,0.11,0.025,32,0.02,0.0,1.0,software,90.0,0.0025000000000000005,9,10,0.05674934387207031
BPSK,0.0314,0.25,0.115,32,0.02,0.0,1.0,software,60.0,0.010000000000000002,6,10,0.06623077392578125
QPSK,0.0314,0.005,0.025,32,0.02,0.0,1.0,software,10.0,0.022500000000000003,1,10,0.05511808395385742
BPSK,0.0314,0.0628,0.025,32,0.12,0.005,1.0001,hardware,90.0,0.0025000000000000005,9,10,0.0922248363494873
QPSK,0.0314,0.045,0.055,32,0.02,0.0,1.0,software,90.0,0.0025000000000000005,9,10,0.0612947940826416
QPSK,0.0314,0.32,0.055,32,0.02,0.0,1.0,software,90.0,0.0025000000000000005,9,10,0.07330918312072754
BPSK,0.0314,1.0,0.5,32,0.02,0.0,1.0,software,0.0,0.025,0,10,0.10232830047607422
QPSK,0.0314,0.75,0.055,32,0.02,0.0,1.0,software,80.0,0.005000000000000001,8,10,0.0731804370880127
QPSK,0.25,0.0628,0.025,32,0.02,-0.01,1.0,software,0.0,0.025,0,10,0.056128740310668945
BPSK,0.0314,1.0,0.005,32,0.02,0.0,1.0,software,70.0,0.0075,7,10,0.0653228759765625
BPSK,0.0314,0.01,0.025,32,0.02,0.0,1.0,software,90.0,0.0025000000000000005,9,10,0.07008790969848633
BPSK,0.0314,1.0,0.6,32,0.02,0.0,1.0,software,0.0,0.025,0,10,0.07754874229431152
QPSK,0.0314,0.135,0.07,32,0.02,0.0,1.0,software,90.0,0.0025000000000000005,9,10,0.0809791088104248
BPSK,0.0314,0.0628,0.025,16,0.0,0.005,1.0001,software,90.0,0.0,9,10,0.05744457244873047
QPSK,0.0314,0.0628,1.0,32,0.03,0.005,1.0001,software,0.0,0.025,0,10,0.08543968200683594
QPSK,0.0314,0.035,0.5,32,0.02,0.0,1.0,software,0.0,0.025,0,10,0.05507516860961914
QPSK,0.0314,0.0628,0.025,16,0.02,0.005,1.0001,software,90.0,0.0025000000000000005,9,10,0.059537649154663086
QPSK,0.01,0.0628,0.025,32,0.02,-0.03,1.0,software,0.0,0.025,0,10,0.05470013618469238
BPSK,0.0314,0.0628,0.115,32,0.03,0.005,0.9996,software,60.0,0.010000000000000002,6,10,0.08221006393432617
QPSK,1.0,0.0628,0.025,32,0.02,0.03,1.0,software,0.0,0.025,0,10,0.08101749420166016
QPSK,0.0314,0.11,0.5,32,0.02,0.0,1.0,software,0.0,0.025,0,10,0.05549359321594238
BPSK,0.0314,0.165,0.5,32,0.02,0.0,1.0,software,0.0,0.025,0,10,0.06268882751464844
BPSK,0.005,0.0628,0.025,32,0.02,0.02,1.0,software,80.0,0.005000000000000001,8,10,0.06978201866149902
QPSK,0.026,0.0628,0.025,32,0.02,0.02,1.0,software,90.0,0.0025000000000000005,9,10,0.057631731033325195
QPSK,0.0314,0.0628,0.09,32,0.02,0.0,1.0,software,90.0,0.0025000000000000005,9,10,0.059703826904296875
QPSK,0.0314,0.25,0.3,32,0.02,0.0,1.0,software,90.0,0.0025000000000000005,9,10,0.07901954650878906
QPSK,0.0314,0.25,0.145,32,0.02,0.0,1.0,software,90.0,0.0025000000000000005,9,10,0.08055591583251953
BPSK,0.0314,0.025,0.055,32,0.02,0.0,1.0,software,90.0,0.0025000000000000005,9,10,0.053218841552734375
BPSK,0.0314,0.25,0.045,32,0.02,0.0,1.0,software,90.0,0.0025000000000000005,9,10,0.05134272575378418
BPSK,0.0314,0.11,0.115,32,0.02,0.0,1.0,software,60.0,0.010000000000000002,6,10,0.0644381046295166
QPSK,0.0314,0.025,0.01,32,0.02,0.0,1.0,software,80.0,0.005000000000000001,8,10,0.06365299224853516
QPSK,0.0314,0.6,0.055,32,0.02,0.0,1.0,software,90.0,0.0025000000000000005,9,10,0.07374691963195801
QPSK,0.0314,0.0628,0.115,32,0.03,0.005,1.0,software,90.0,0.0025000000000000005,9,10,0.06719350814819336
QPSK,0.0314,0.09,0.25,32,0.02,0.0,1.0,software,90.0,0.0025000000000000005,9,10,0.07332324981689453
QPSK,0.0314,0.4,0.25,32,0.02,0.0,1.0,software,90.0,0.0025000000000000005,9,10,0.06025075912475586
BPSK,0.25,0.0628,0.025,32,0.02,0.01,1.0,software,90.0,0.0025000000000000005,9,10,0.0694739818572998
QPSK,0.0314,0.045,0.01,32,0.02,0.0,1.0,software,90.0,0.0025000000000000005,9,10,0.07081198692321777
BPSK,0.0314,0.0628,0.025,48,0.0,0.005,1.0001,software,90.0,0.0,9,10,0.05828499794006348
BPSK,0.0314,0.0628,0.025,32,0.03,0.005,0.9996,software,90.0,0.0025000000000000005,9,10,0.08272194862365723
QPSK,0.0314,0.01,0.005,32,0.02,0.0,1.0,software,20.0,0.020000000000000004,2,10,0.058773040771484375
QPSK,0.0314,0.018,0.025,32,0.02,0.0,1.0,software,50.0,0.0125,5,10,0.05275774002075195
QPSK,0.0314,0.135,0.5,32,0.02,0.0,1.0,software,0.0,0.025,0,10,0.08647942543029785
BPSK,0.075,0.0628,0.025,32,0.02,-0.02,1.0,software,90.0,0.0025000000000000005,9,10,0.06146669387817383
BPSK,0.0314,0.11,1.0,32,0.02,0.0,1.0,software,0.0,0.025,0,10,0.06761813163757324
BPSK,0.0314,1.0,0.055,32,0.02,0.0,1.0,software,80.0,0.005000000000000001,8,10,0.06751656532287598
BPSK,0.0314,0.5,0.4,32,0.02,0.0,1.0,software,0.0,0.025,0,10,0.05635952949523926
BPSK,0.0314,0.0628,0.25,32,0.03,0.005,0.9999,software,80.0,0.005000000000000001,8,10,0.07204771041870117
BPSK,0.0314,0.0628,0.3,32,0.02,0.0,1.0,software,50.0,0.0125,5,10,0.09724211692810059
QPSK,0.14,0.0628,0.025,32,0.02,0.01,1.0,software,10.0,0.022500000000000003,1,10,0.07572531700134277
QPSK,0.14,0.0628,0.025,32,0.02,-0.01,1.0,software,0.0,0.025,0,10,0.07637977600097656
QPSK,0.35,0.0628,0.025,32,0.02,0.03,1.0,software,0.0,0.025,0,10,0.05525946617126465
BPSK,0.0314,0.0628,0.025,64,0.25,0.005,1.0001,software,60.0,0.010000000000000002,6,10,0.07544183731079102
QPSK,0.8,0.0628,0.025,32,0.02,-0.01,1.0,software,0.0,0.025,0,10,0.058151960372924805
BPSK,0.0314,0.0628,0.055,32,0.03,0.005,1.0004,software,70.0,0.0075,7,10,0.0754399299621582
BPSK,0.0314,0.0628,0.6,32,0.02,0.0,1.0,software,0.0,0.025,0,10,0.07519960403442383
QPSK,0.0314,1.0,0.09,32,0.02,0.0,1.0,software,50.0,0.0125,5,10,0.05704069137573242
QPSK,0.0314,0.5,1.0,32,0.02,0.0,1.0,software,0.0,0.025,0,10,0.06633400917053223
QPSK,0.0314,0.32,0.01,32,0.02,0.0,1.0,software,80.0,0.005000000000000001,8,10,0.06139969825744629
BPSK,0.0314,0.5,0.09,32,0.02,0.0,1.0,software,30.0,0.017499999999999998,3,10,0.08377218246459961
BPSK,0.5,0.0628,0.025,32,0.02,-0.02,1.0,software,0.0,0.025,0,10,0.0653691291809082
BPSK,0.0314,0.11,0.025,32,0.02,0.0,1.0,software,90.0,0.0025000000000000005,9,10,0.08038020133972168
QPSK,0.0314,0.018,1.0,32,0.02,0.0,1.0,software,0.0,0.025,0,10,0.05787801742553711
BPSK,0.0314,0.0628,0.025,24,0.08,0.005,1.0001,software,90.0,0.0025000000000000005,9,10,0.06891798973083496
BPSK,0.5,0.0628,0.025,32,0.02,0.01,1.0,software,0.0,0.025,0,10,0.05499005317687988
QPSK,0.0314,0.035,0.005,32,0.02,0.0,1.0,software,90.0,0.0025000000000000005,9,10,0.07582616806030273
QPSK,0.0314,0.5,0.115,32,0.02,0.0,1.0,software,90.0,0.0025000000000000005,9,10,0.08536148071289062
QPSK,0.0314,0.0628,0.025,32,0.5,0.005,1.0001,hardware,70.0,0.0075,7,10,0.0559237003326416
BPSK,0.0314,0.035,0.018,32,0.02,0.0,1.0,software,90.0,0.0025000000000000005,9,10,0.072723388671875
QPSK,0.0314,1.0,0.045,32,0.02,0.0,1.0,software,60.0,0.010000000000000002,6,10,0.06124067306518555
BPSK,0.0314,0.0628,1.0,32,0.03,0.005,1.0,software,0.0,0.025,0,10,0.06409573554992676
QPSK,0.0314,0.2,0.01,32,0.02,0.0,1.0,software,90.0,0.0025000000000000005,9,10,0.07188892364501953
BPSK,0.0314,0.25,0.018,32,0.02,0.0,1.0,software,90.0,0.0025000000000000005,9,10,0.05117034912109375
BPSK,0.19,0.0628,0.025,32,0.02,-0.01,1.0,software,90.0,0.0025000000000000005,9,10,0.0670316219329834
BPSK,0.0314,0.5,0.25,32,0.02,0.0,1.0,software,80.0,0.005000000000000001,8,10,0.0682528018951416
QPSK,0.0314,0.0628,0.025,48,0.0,0.005,1.0001,software,90.0,0.0,9,10,0.054141998291015625
QPSK,0.0314,0.0628,0.5,32,0.03,0.005,0.9992,software,0.0,0.025,0,10,0.07673358917236328
QPSK,0.0314,0.0628,0.025,32,0.02,0.005,1.0001,hardware,90.0,0.0025000000000000005,9,10,0.052819252014160156
QPSK,0.0314,0.2,0.025,32,0.02,0.0,1.0,software,90.0,0.0025000000000000005,9,10,0.07798361778259277
BPSK,0.0314,0.88,0.5,32,0.02,0.0,1.0,software,0.0,0.025,0,10,0.07970261573791504
QPSK,0.0314,0.135,0.01,32,0.02,0.0,1.0,software,90.0,0.0025000000000000005,9,10,0.07522773742675781
QPSK,0.0314,0.0628,0.025,48,0.05,0.005,1.0001,software,90.0,0.0025000000000000005,9,10,0.0760335922241211
QPSK,0.018,0.0628,0.025,32,0.02,0.0,1.0,software,90.0,0.0025000000000000005,9,10,0.06389236450195312
QPSK,0.0314,0.075,0.5,32,0.02,0.0,1.0,software,0.0,0.025,0,10,0.06927061080932617
BPSK,0.0314,0.5,0.035,32,0.02,0.0,1.0,software,90.0,0.0025000000000000005,9,10,0.0562591552734375
QPSK,0.0314,0.0628,1.0,32,0.03,0.005,1.0008,software,0.0,0.025,0,10,0.06563663482666016
BPSK,0.0314,0.88,1.0,32,0.02,0.0,1.0,software,0.0,0.025,0,10,0.05672812461853027
QPSK,0.0314,0.01,0.115,32,0.02,0.0,1.0,software,20.0,0.020000000000000004,2,10,0.06207680702209473
BPSK,0.8,0.0628,0.025,32,0.02,0.01,1.0,software,0.0,0.025,0,10,0.0699777603149414
BPSK,0.0314,0.0628,0.025,16,0.08,0.005,1.0001,software,90.0,0.0025000000000000005,9,10,0.07052087783813477
BPSK,0.0314,0.25,0.5,32,0.02,0.0,1.0,software,0.0,0.025,0,10,0.05644631385803223
BPSK,0.0314,0.0628,0.88,32,0.02,0.0,1.0,software,0.0,0.025,0,10,0.058803558349609375
QPSK,0.0314,0.135,0.75,32,0.02,0.0,1.0,software,0.0,0.025,0,10,0.052945613861083984
QPSK,0.01,0.0628,0.025,32,0.02,-0.02,1.0,software,80.0,0.005000000000000001,8,10,0.06864356994628906
BPSK,0.0314,0.6,0.01,32,0.02,0.0,1.0,software,90.0,0.0025000000000000005,9,10,0.0641777515411377
BPSK,0.0314,0.75,0.5,32,0.02,0.0,1.0,software,0.0,0.025,0,10,0.05868673324584961
QPSK,0.0314,0.01,0.145,32,0.02,0.0,1.0,software,20.0,0.020000000000000004,2,10,0.056520938873291016
BPSK,0.0314,0.075,1.0,32,0.02,0.0,1.0,software,0.0,0.025,0,10,0.07760977745056152
BPSK,0.0314,0.6,0.055,32,0.02,0.0,1.0,software,90.0,0.0025000000000000005,9,10,0.06704568862915039
BPSK,0.0314,0.25,0.035,32,0.02,0.0,1.0,software,90.0,0.0025000000000000005,9,10,0.06981897354125977
QPSK,0.0314,0.135,0.005,32,0.02,0.0,1.0,software,90.0,0.0025000000000000005,9,10,0.07283258438110352
BPSK,0.0314,0.0628,0.025,32,0.02,-0.01,1.0,software,90.0,0.0025000000000000005,9,10,0.06775093078613281
QPSK,0.0314,0.035,0.75,32,0.02,0.0,1.0,software,0.0,0.025,0,10,0.07170867919921875
BPSK,0.0314,0.09,0.5,32,0.02,0.0,1.0,software,0.0,0.025,0,10,0.07831788063049316
BPSK,0.0314,0.32,1.0,32,0.02,0.0,1.0,software,0.0,0.025,0,10,0.06229543685913086
BPSK,0.075,0.0628,0.025,32,0.02,-0.03,1.0,software,90.0,0.0025000000000000005,9,10,0.08492112159729004
QPSK,0.1,0.0628,0.025,32,0.02,-0.01,1.0,software,40.0,0.015,4,10,0.05254960060119629
BPSK,0.0314,0.25,0.18,32,0.02,0.0,1.0,software,40.0,0.015,4,10,0.08754134178161621
QPSK,0.1,0.0628,0.025,32,0.02,0.01,1.0,software,40.0,0.015,4,10,0.10052132606506348
QPSK,0.14,0.0628,0.025,32,0.02,0.0,1.0,software,0.0,0.025,0,10,0.05160880088806152
QPSK,0.0314,0.0628,0.055,32,0.03,0.005,0.9992,software,90.0,0.0025000000000000005,9,10,0.07227134704589844
BPSK,0.0314,0.2,0.115,32,0.02,0.0,1.0,software,60.0,0.010000000000000002,6,10,0.06299710273742676
QPSK,1.0,0.0628,0.025,32,0.02,-0.02,1.0,software,0.0,0.025,0,10,0.06044793128967285
BPSK,0.0314,0.0628,0.025,16,0.12,0.005,1.0001,software,90.0,0.0025000000000000005,9,10,0.08890962600708008
BPSK,0.0314,0.0628,0.09,32,0.02,0.0,1.0,software,30.0,0.017499999999999998,3,10,0.05792236328125
QPSK,0.19,0.0628,0.025,32,0.02,-0.01,1.0,software,0.0,0.025,0,10,0.04945516586303711
BPSK,0.0314,0.135,0.4,32,0.02,0.0,1.0,software,0.0,0.025,0,10,0.06063127517700195
BPSK,0.0314,1.0,0.07,32,0.02,0.0,1.0,software,30.0,0.017499999999999998,3,10,0.061904191970825195
QPSK,0.026,0.0628,0.025,32,0.02,0.01,1.0,software,90.0,0.0025000000000000005,9,10,0.06715083122253418
BPSK,0.0314,0.0628,0.025,32,0.03,0.005,1.0,software,90.0,0.0025000000000000005,9,10,0.07208967208862305
BPSK,0.0314,0.0628,0.115,32,0.03,0.005,1.0001,software,80.0,0.005000000000000001,8,10,0.05912661552429199
BPSK,0.0314,0.135,0.01,32,0.02,0.0,1.0,software,90.0,0.0025000000000000005,9,10,0.07408285140991211
QPSK,0.0314,0.0628,0.3,32,0.02,0.0,1.0,software,90.0,0.0025000000000000005,9,10,0.06963896751403809
QPSK,0.026,0.0628,0.025,32,0.02,0.03,1.0,software,90.0,0.0025000000000000005,9,10,0.07981085777282715
QPSK,0.65,0.0628,0.025,32,0.02,-0.02,1.0,software,0.0,0.025,0,10,0.06054091453552246
QPSK,0.0314,0.0628,0.23,32,0.02,0.0,1.0,software,90.0,0.0025000000000000005,9,10,0.0596921443939209
BPSK,0.0314,0.09,0.25,32,0.02,0.0,1.0,software,80.0,0.005000000000000001,8,10,0.07207036018371582
BPSK,0.25,0.0628,0.025,32,0.02,-0.02,1.0,software,90.0,0.0025000000000000005,9,10,0.060097455978393555
QPSK,0.0314,0.88,0.025,32,0.02,0.0,1.0,software,80.0,0.005000000000000001,8,10,0.058333635330200195
QPSK,0.0314,0.09,1.0,32,0.02,0.0,1.0,software,0.0,0.025,0,10,0.06648516654968262
QPSK,0.042,0.0628,0.025,32,0.02,0.0,1.0,software,90.0,0.0025000000000000005,9,10,0.06764698028564453
QPSK,0.0314,0.135,0.23,32,0.02,0.0,1.0,software,90.0,0.0025000000000000005,9,10,0.06204676628112793
QPSK,0.0314,0.025,0.5,32,0.02,0.0,1.0,software,0.0,0.025,0,10,0.06640100479125977
QPSK,0.0314,0.0628,0.18,32,0.02,0.0,1.0,software,90.0,0.0025000000000000005,9,10,0.06847500801086426
BPSK,0.0314,0.055,1.0,32,0.02,0.0,1.0,software,0.0,0.025,0,10,0.06627702713012695
BPSK,0.0314,0.0628,0.025,64,0.35,0.005,1.0001,software,50.0,0.0125,5,10,0.08877134323120117
BPSK,0.0314,0.75,1.0,32,0.02,0.0,1.0,software,0.0,0.025,0,10,0.06340503692626953
QPSK,0.0314,0.135,1.0,32,0.02,0.0,1.0,software,0.0,0.025,0,10,0.06005692481994629
QPSK,0.1,0.0628,0.025,32,0.02,0.03,1.0,software,40.0,0.015,4,10,0.12605929374694824
BPSK,0.8,0.0628,0.025,32,0.02,0.0,1.0,software,0.0,0.025,0,10,0.05977153778076172
BPSK,0.0314,0.135,0.035,32,0.02,0.0,1.0,software,90.0,0.0025000000000000005,9,10,0.06055331230163574
BPSK,0.0314,0.4,0.01,32,0.02,0.0,1.0,software,90.0,0.0025000000000000005,9,10,0.061655521392822266
BPSK,0.0314,0.055,0.115,32,0.02,0.0,1.0,software,60.0,0.010000000000000002,6,10,0.0789344310760498
BPSK,0.0314,0.75,0.115,32,0.02,0.0,1.0,software,60.0,0.010000000000000002,6,10,0.06204557418823242
BPSK,0.0314,0.4,0.5,32,0.02,0.0,1.0,software,0.0,0.025,0,10,0.06930184364318848
BPSK,0.0314,0.2,0.5,32,0.02,0.0,1.0,software,0.0,0.025,0,10,0.07581877708435059
QPSK,0.0314,0.25,0.25,32,0.02,0.0,1.0,software,90.0,0.0025000000000000005,9,10,0.06938719749450684
BPSK,0.0314,1.0,0.3,32,0.02,0.0,1.0,software,10.0,0.022500000000000003,1,10,0.0667424201965332
BPSK,0.25,0.0628,0.025,32,0.02,0.03,1.0,software,90.0,0.0025000000000000005,9,10,0.06303906440734863
QPSK,0.0314,0.135,0.025,32,0.02,0.0,1.0,software,90.0,0.0025000000000000005,9,10,0.061986684799194336
QPSK,0.0314,0.0628,1.0,32,0.03,0.005,1.0004,software,0.0,0.025,0,10,0.08033227920532227
QPSK,0.0314,0.09,0.01,32,0.02,0.0,1.0,software,90.0,0.0025000000000000005,9,10,0.08339929580688477
BPSK,0.042,0.0628,0.025,32,0.02,-0.03,1.0,software,90.0,0.0025000000000000005,9,10,0.06429481506347656
QPSK,0.0314,0.0628,0.055,32,0.02,0.0,1.0,software,90.0,0.0025000000000000005,9,10,0.05430793762207031
QPSK,0.0314,0.01,0.01,32,0.02,0.0,1.0,software,20.0,0.020000000000000004,2,10,0.05628228187561035
BPSK,0.0314,0.01,0.01,32,0.02,0.0,1.0,software,90.0,0.0025000000000000005,9,10,0.08028721809387207
BPSK,0.0314,0.75,0.025,32,0.02,0.0,1.0,software,90.0,0.0025000000000000005,9,10,0.08081626892089844
BPSK,0.0314,0.035,0.09,32,0.02,0.0,1.0,software,30.0,0.017499999999999998,3,10,0.07454180717468262
BPSK,0.0314,0.035,0.23,32,0.02,0.0,1.0,software,80.0,0.005000000000000001,8,10,0.05831170082092285
BPSK,0.0314,0.0628,0.18,32,0.02,0.0,1.0,software,40.0,0.015,4,10,0.06276559829711914
BPSK,0.0314,0.135,0.18,32,0.02,0.0,1.0,software,40.0,0.015,4,10,0.08289647102355957
QPSK,0.0314,1.0,0.88,32,0.02,0.0,1.0,software,0.0,0.025,0,10,0.05919480323791504
QPSK,0.0314,0.0628,0.025,32,0.03,0.005,0.9996,software,90.0,0.0025000000000000005,9,10,0.07441592216491699
QPSK,0.0314,0.0628,0.115,32,0.03,0.005,1.0004,software,90.0,0.0025000000000000005,9,10,0.07565617561340332
QPSK,0.0314,0.0628,0.01,32,0.02,0.0,1.0,software,90.0,0.0025000000000000005,9,10,0.05182480812072754
BPSK,0.0314,0.5,0.3,32,0.02,0.0,1.0,software,50.0,0.0125,5,10,0.08393621444702148
BPSK,0.0314,0.075,0.115,32,0.02,0.0,1.0,software,60.0,0.010000000000000002,6,10,0.0668330192565918
QPSK,0.0314,0.01,0.23,32,0.02,0.0,1.0,software,20.0,0.020000000000000004,2,10,0.056008100509643555
QPSK,0.8,0.0628,0.025,32,0.02,0.0,1.0,software,0.0,0.025,0,10,0.10257792472839355
QPSK,0.0314,0.025,0.25,32,0.02,0.0,1.0,software,90.0,0.0025000000000000005,9,10,0.06485533714294434
QPSK,0.0314,0.135,0.018,32,0.02,0.0,1.0,software,90.0,0.0025000000000000005,9,10,0.056319475173950195
QPSK,0.005,0.0628,0.025,32,0.02,0.03,1.0,software,0.0,0.025,0,10,0.06511878967285156
QPSK,0.8,0.0628,0.025,32,0.02,-0.02,1.0,software,0.0,0.025,0,10,0.06711769104003906
QPSK,1.0,0.0628,0.025,32,0.02,0.02,1.0,software,0.0,0.025,0,10,0.07485580444335938
QPSK,0.0314,0.0628,0.025,64,0.35,0.005,1.0001,software,90.0,0.0025000000000000005,9,10,0.05562305450439453
QPSK,0.0314,0.0628,1.0,32,0.03,0.005,0.9992,software,0.0,0.025,0,10,0.06797575950622559
BPSK,0.0314,0.0628,0.025,32,0.05,0.005,1.0001,software,90.0,0.0025000000000000005,9,10,0.05353808403015137
BPSK,0.0314,0.0628,0.025,32,0.5,0.005,1.0001,hardware,90.0,0.0025000000000000005,9,10,0.06764507293701172
BPSK,0.0314,0.025,0.5,32,0.02,0.0,1.0,software,0.0,0.025,0,10,0.07353520393371582
BPSK,0.0314,0.0628,0.025,32,0.02,0.005,1.0001,hardware,90.0,0.0025000000000000005,9,10,0.06884241104125977
QPSK,0.0314,1.0,0.07,32,0.02,0.0,1.0,software,60.0,0.010000000000000002,6,10,0.08858275413513184
BPSK,0.0314,0.0628,0.25,32,0.03,0.005,1.0004,software,80.0,0.005000000000000001,8,10,0.058873653411865234
QPSK,0.0314,0.0628,0.01,32,0.03,0.005,0.9999,software,90.0,0.0025000000000000005,9,10,0.05759739875793457
BPSK,0.042,0.0628,0.025,32,0.02,0.0,1.0,software,90.0,0.0025000000000000005,9,10,0.07252836227416992
QPSK,0.0314,0.0628,0.01,32,0.03,0.005,1.0,software,90.0,0.0025000000000000005,9,10,0.06256532669067383
QPSK,0.25,0.0628,0.025,32,0.02,-0.03,1.0,software,0.0,0.025,0,10,0.07305145263671875
QPSK,0.0314,0.5,0.055,32,0.02,0.0,1.0,software,90.0,0.0025000000000000005,9,10,0.0540616512298584
BPSK,0.0314,0.0628,0.5,32,0.03,0.005,1.0001,software,0.0,0.025,0,10,0.06414532661437988
QPSK,0.0314,0.0628,0.01,32,0.03,0.005,1.0008,software,30.0,0.017499999999999998,3,10,0.07108783721923828
QPSK,0.0314,0.25,0.5,32,0.02,0.0,1.0,software,0.0,0.025,0,10,0.06937527656555176
QPSK,0.0314,0.0628,0.25,32,0.03,0.005,1.0,software,90.0,0.0025000000000000005,9,10,0.07783365249633789
QPSK,0.018,0.0628,0.025,32,0.02,0.02,1.0,software,90.0,0.0025000000000000005,9,10,0.06326556205749512
BPSK,0.0314,0.075,0.01,32,0.02,0.0,1.0,software,90.0,0.0025000000000000005,9,10,0.056850433349609375
QPSK,0.0314,1.0,0.25,32,0.02,0.0,1.0,software,30.0,0.017499999999999998,3,10,0.07123970985412598
BPSK,0.0314,0.2,1.0,32,0.02,0.0,1.0,software,0.0,0.025,0,10,0.06195569038391113
BPSK,0.0314,0.25,0.09,32,0.02,0.0,1.0,software,30.0,0.017499999999999998,3,10,0.0753483772277832
QPSK,0.018,0.0628,0.025,32,0.02,-0.01,1.0,software,90.0,0.0025000000000000005,9,10,0.08889198303222656
BPSK,0.0314,0.0628,0.025,32,0.25,0.005,1.0001,software,90.0,0.0025000000000000005,9,10,0.06556868553161621
BPSK,0.0314,0.025,0.01,32,0.02,0.0,1.0,software,90.0,0.0025000000000000005,9,10,0.10303878784179688
QPSK,0.0314,0.0628,0.025,48,0.02,0.005,1.0001,software,90.0,0.0025000000000000005,9,10,0.0648040771484375
QPSK,0.0314,0.11,0.055,32,0.02,0.0,1.0,software,90.0,0.0025000000000000005,9,10,0.0656437873840332
QPSK,0.0314,0.0628,0.025,32,0.18,0.005,1.0001,hardware,90.0,0.0025000000000000005,9,10,0.0711965560913086
QPSK,0.0314,0.075,0.25,32,0.02,0.0,1.0,software,90.0,0.0025000000000000005,9,10,0.05802774429321289
QPSK,0.0314,0.0628,0.025,32,0.35,0.005,1.0001,hardware,90.0,0.0025000000000000005,9,10,0.08665776252746582
QPSK,0.35,0.0628,0.025,32,0.02,0.02,1.0,software,0.0,0.025,0,10,0.09351825714111328
QPSK,0.0314,0.035,0.035,32,0.02,0.0,1.0,software,90.0,0.0025000000000000005,9,10,0.06838417053222656
QPSK,0.8,0.0628,0.025,32,0.02,0.02,1.0,software,0.0,0.025,0,10,0.055335044860839844
QPSK,0.0314,0.5,0.045,32,0.02,0.0,1.0,software,90.0,0.0025000000000000005,9,10,0.0575101375579834
BPSK,0.0314,0.0628,0.25,32,0.03,0.005,0.9996,software,80.0,0.005000000000000001,8,10,0.07365846633911133
BPSK,0.0314,0.25,0.005,32,0.02,0.0,1.0,software,90.0,0.0025000000000000005,9,10,0.06768631935119629
BPSK,0.0314,0.135,0.145,32,0.02,0.0,1.0,software,50.0,0.0125,5,10,0.08518719673156738
BPSK,1.0,0.0628,0.025,32,0.02,0.0,1.0,software,0.0,0.025,0,10,0.06252789497375488
QPSK,0.0314,0.0628,0.018,32,0.02,0.0,1.0,software,90.0,0.0025000000000000005,9,10,0.07103109359741211
BPSK,0.0314,1.0,0.75,32,0.02,0.0,1.0,software,0.0,0.025,0,10,0.06516647338867188
BPSK,0.0314,0.0628,0.5,32,0.03,0.005,0.9992,software,0.0,0.025,0,10,0.07910561561584473
QPSK,0.0314,0.0628,1.0,32,0.03,0.005,0.9996,software,0.0,0.025,0,10,0.06770944595336914
QPSK,0.1,0.0628,0.025,32,0.02,0.0,1.0,software,40.0,0.015,4,10,0.062453269958496094
QPSK,0.0314,0.0628,0.025,16,0.05,0.005,1.0001,software,90.0,0.0025000000000000005,9,10,0.07222485542297363
QPSK,0.026,0.0628,0.025,32,0.02,-0.01,1.0,software,90.0,0.0025000000000000005,9,10,0.0735635757446289
BPSK,0.0314,0.0628,0.75,32,0.02,0.0,1.0,software,0.0,0.025,0,10,0.06183052062988281
BPSK,0.018,0.0628,0.025,32,0.02,0.03,1.0,software,90.0,0.0025000000000000005,9,10,0.07251334190368652
BPSK,0.0314,0.0628,0.25,32,0.03,0.005,1.0008,software,80.0,0.005000000000000001,8,10,0.05362057685852051
BPSK,0.0314,0.0628,0.025,32,0.0,0.005,1.0001,hardware,90.0,0.0,9,10,0.06944513320922852
QPSK,0.19,0.0628,0.025,32,0.02,-0.02,1.0,software,0.0,0.025,0,10,0.0666968822479248
BPSK,0.19,0.0628,0.025,32,0.02,0.01,1.0,software,90.0,0.0025000000000000005,9,10,0.07879996299743652
QPSK,0.0314,1.0,0.025,32,0.02,0.0,1.0,software,60.0,0.010000000000000002,6,10,0.06647729873657227
BPSK,0.8,0.0628,0.025,32,0.02,0.03,1.0,software,0.0,0.025,0,10,0.07261276245117188
BPSK,0.0314,0.0628,0.055,32,0.03,0.005,1.0001,software,90.0,0.0025000000000000005,9,10,0.06273770332336426
QPSK,0.0314,0.2,0.115,32,0.02,0.0,1.0,software,90.0,0.0025000000000000005,9,10,0.10467863082885742
BPSK,0.25,0.0628,0.025,32,0.02,-0.03,1.0,software,90.0,0.0025000000000000005,9,10,0.05836939811706543
QPSK,1.0,0.0628,0.025,32,0.02,-0.03,1.0,software,0.0,0.025,0,10,0.06855273246765137
BPSK,0.0314,0.0628,0.145,32,0.02,0.0,1.0,software,50.0,0.0125,5,10,0.06782960891723633
BPSK,0.042,0.0628,0.025,32,0.02,0.02,1.0,software,90.0,0.0025000000000000005,9,10,0.0554351806640625
BPSK,0.14,0.0628,0.025,32,0.02,0.01,1.0,software,90.0,0.0025000000000000005,9,10,0.07596945762634277
BPSK,0.0314,0.075,0.5,32,0.02,0.0,1.0,software,0.0,0.025,0,10,0.05381178855895996
BPSK,0.0314,0.5,0.07,32,0.02,0.0,1.0,software,50.0,0.0125,5,10,0.07017183303833008
BPSK,0.0314,1.0,0.88,32,0.02,0.0,1.0,software,0.0,0.025,0,10,0.07162880897521973
QPSK,0.0314,0.32,0.025,32,0.02,0.0,1.0,software,90.0,0.0025000000000000005,9,10,0.06946015357971191
BPSK,0.0314,0.135,0.3,32,0.02,0.0,1.0,software,50.0,0.0125,5,10,0.06919717788696289
QPSK,0.042,0.0628,0.025,32,0.02,-0.01,1.0,software,90.0,0.0025000000000000005,9,10,0.06226921081542969
BPSK,0.0314,0.135,0.045,32,0.02,0.0,1.0,software,90.0,0.0025000000000000005,9,10,0.05546855926513672
BPSK,0.0314,0.0628,0.25,32,0.03,0.005,1.0001,software,40.0,0.015,4,10,0.09829521179199219
QPSK,0.0314,0.0628,0.005,32,0.02,0.0,1.0,software,90.0,0.0025000000000000005,9,10,0.06763720512390137
BPSK,0.19,0.0628,0.025,32,0.02,-0.02,1.0,software,90.0,0.0025000000000000005,9,10,0.07092452049255371
BPSK,0.0314,0.0628,0.5,32,0.03,0.005,1.0,software,0.0,0.025,0,10,0.04571080207824707
QPSK,0.0314,0.4,0.5,32,0.02,0.0,1.0,software,0.0,0.025,0,10,0.060686588287353516
QPSK,0.0314,0.4,1.0,32,0.02,0.0,1.0,software,0.0,0.025,0,10,0.0583798885345459
QPSK,0.0314,0.025,0.115,32,0.02,0.0,1.0,software,90.0,0.0025000000000000005,9,10,0.054645538330078125
QPSK,0.0314,0.5,0.18,32,0.02,0.0,1.0,software,90.0,0.0025000000000000005,9,10,0.06642603874206543
BPSK,0.0314,0.025,0.25,32,0.02,0.0,1.0,software,80.0,0.005000000000000001,8,10,0.05271458625793457
QPSK,0.042,0.0628,0.025,32,0.02,-0.03,1.0,software,90.0,0.0025000000000000005,9,10,0.07456326484680176
BPSK,0.042,0.0628,0.025,32,0.02,-0.02,1.0,software,90.0,0.0025000000000000005,9,10,0.07589364051818848
QPSK,0.0314,0.75,0.01,32,0.02,0.0,1.0,software,70.0,0.0075,7,10,0.06367063522338867
QPSK,0.0314,0.0628,0.025,32,0.03,0.005,1.0,software,90.0,0.0025000000000000005,9,10,0.051177263259887695
QPSK,0.0314,0.88,0.055,32,0.02,0.0,1.0,software,80.0,0.005000000000000001,8,10,0.07684779167175293
QPSK,0.65,0.0628,0.025,32,0.02,-0.03,1.0,software,0.0,0.025,0,10,0.057648420333862305
QPSK,0.0314,0.0628,0.025,16,0.0,0.005,1.0001,software,90.0,0.0,9,10,0.06727266311645508
QPSK,0.0314,0.25,0.005,32,0.02,0.0,1.0,software,80.0,0.005000000000000001,8,10,0.046898603439331055
QPSK,0.0314,0.32,0.115,32,0.02,0.0,1.0,software,90.0,0.0025000000000000005,9,10,0.1293487548828125
BPSK,0.0314,0.035,0.045,32,0.02,0.0,1.0,software,90.0,0.0025000000000000005,9,10,0.06394457817077637
BPSK,0.0314,0.5,0.005,32,0.02,0.0,1.0,software,90.0,0.0025000000000000005,9,10,0.06812739372253418
BPSK,0.1,0.0628,0.025,32,0.02,-0.03,1.0,software,90.0,0.0025000000000000005,9,10,0.0675969123840332
QPSK,0.0314,0.0628,0.025,64,0.08,0.005,1.0001,software,90.0,0.0025000000000000005,9,10,0.06443381309509277
QPSK,0.01,0.0628,0.025,32,0.02,0.01,1.0,software,90.0,0.0025000000000000005,9,10,0.08110284805297852
BPSK,0.0314,0.0628,0.025,24,0.5,0.005,1.0001,software,90.0,0.0025000000000000005,9,10,0.08629679679870605
QPSK,0.8,0.0628,0.025,32,0.02,-0.03,1.0,software,0.0,0.025,0,10,0.07842397689819336
BPSK,0.0314,0.0628,0.5,32,0.03,0.005,0.9999,software,0.0,0.025,0,10,0.04844498634338379
QPSK,0.0314,0.005,0.5,32,0.02,0.0,1.0,software,0.0,0.025,0,10,0.06356287002563477
BPSK,0.0314,0.5,0.055,32,0.02,0.0,1.0,software,90.0,0.0025000000000000005,9,10,0.07232117652893066
BPSK,1.0,0.0628,0.025,32,0.02,-0.02,1.0,software,0.0,0.025,0,10,0.04620170593261719
BPSK,0.0314,0.0628,0.115,32,0.03,0.005,0.9992,software,70.0,0.0075,7,10,0.0537114143371582
QPSK,0.055,0.0628,0.025,32,0.02,-0.03,1.0,software,90.0,0.0025000000000000005,9,10,0.05896139144897461
BPSK,0.0314,0.01,0.018,32,0.02,0.0,1.0,software,90.0,0.0025000000000000005,9,10,0.055197715759277344
BPSK,0.0314,1.0,0.4,32,0.02,0.0,1.0,software,0.0,0.025,0,10,0.08957695960998535
BPSK,0.25,0.0628,0.025,32,0.02,0.02,1.0,software,90.0,0.0025000000000000005,9,10,0.051157474517822266
BPSK,0.0314,0.01,0.18,32,0.02,0.0,1.0,software,40.0,0.015,4,10,0.07034873962402344
QPSK,0.0314,0.0628,0.025,32,0.05,0.005,1.0001,software,90.0,0.0025000000000000005,9,10,0.07639694213867188
BPSK,0.0314,0.0628,0.055,32,0.03,0.005,0.9992,software,90.0,0.0025000000000000005,9,10,0.05414462089538574
QPSK,0.0314,0.0628,0.25,32,0.03,0.005,0.9999,software,90.0,0.0025000000000000005,9,10,0.05992460250854492
QPSK,0.0314,0.88,0.115,32,0.02,0.0,1.0,software,90.0,0.0025000000000000005,9,10,0.06619691848754883
BPSK,0.0314,0.025,0.025,32,0.02,0.0,1.0,software,90.0,0.0025000000000000005,9,10,0.08179640769958496
QPSK,0.0314,0.135,0.4,32,0.02,0.0,1.0,software,0.0,0.025,0,10,0.07772374153137207
BPSK,0.0314,0.135,0.07,32,0.02,0.0,1.0,software,50.0,0.0125,5,10,0.09415984153747559
BPSK,0.0314,0.005,0.025,32,0.02,0.0,1.0,software,90.0,0.0025000000000000005,9,10,0.06631922721862793
BPSK,0.0314,0.055,0.025,32,0.02,0.0,1.0,software,90.0,0.0025000000000000005,9,10,0.05127120018005371
QPSK,0.0314,0.075,0.115,32,0.02,0.0,1.0,software,90.0,0.0025000000000000005,9,10,0.06728363037109375
QPSK,0.018,0.0628,0.025,32,0.02,-0.02,1.0,software,90.0,0.0025000000000000005,9,10,0.06598067283630371
BPSK,0.0314,0.0628,0.025,32,0.18,0.005,1.0001,hardware,90.0,0.0025000000000000005,9,10,0.061400651931762695
BPSK,0.5,0.0628,0.025,32,0.02,0.02,1.0,software,0.0,0.025,0,10,0.07724738121032715
QPSK,0.0314,0.005,0.055,32,0.02,0.0,1.0,software,10.0,0.022500000000000003,1,10,0.06349802017211914
BPSK,0.65,0.0628,0.025,32,0.02,-0.03,1.0,software,0.0,0.025,0,10,0.06962347030639648
QPSK,0.0314,0.0628,0.25,32,0.03,0.005,1.0004,software,80.0,0.005000000000000001,8,10,0.06881308555603027
QPSK,0.0314,0.5,0.75,32,0.02,0.0,1.0,software,0.0,0.025,0,10,0.07592129707336426
BPSK,0.0314,0.0628,0.5,32,0.03,0.005,1.0004,software,0.0,0.025,0,10,0.08341431617736816
QPSK,0.0314,0.01,0.3,32,0.02,0.0,1.0,software,20.0,0.020000000000000004,2,10,0.07324671745300293
QPSK,0.0314,1.0,0.5,32,0.02,0.0,1.0,software,0.0,0.025,0,10,0.08182406425476074
QPSK,0.0314,0.25,0.6,32,0.02,0.0,1.0,software,0.0,0.025,0,10,0.056496381759643555
BPSK,0.5,0.0628,0.025,32,0.02,-0.01,1.0,software,0.0,0.025,0,10,0.07674407958984375
BPSK,1.0,0.0628,0.025,32,0.02,-0.01,1.0,software,0.0,0.025,0,10,0.06922674179077148
QPSK,0.0314,0.6,0.5,32,0.02,0.0,1.0,software,0.0,0.025,0,10,0.06275272369384766
QPSK,0.0314,0.165,0.25,32,0.02,0.0,1.0,software,90.0,0.0025000000000000005,9,10,0.051787614822387695
BPSK,0.0314,0.88,0.055,32,0.02,0.0,1.0,software,90.0,0.0025000000000000005,9,10,0.05809593200683594
BPSK,0.018,0.0628,0.025,32,0.02,0.02,1.0,software,90.0,0.0025000000000000005,9,10,0.06251835823059082
QPSK,0.19,0.0628,0.025,32,0.02,0.0,1.0,software,0.0,0.025,0,10,0.06765890121459961
BPSK,0.0314,0.5,0.115,32,0.02,0.0,1.0,software,60.0,0.010000000000000002,6,10,0.05310678482055664
QPSK,0.026,0.0628,0.025,32,0.02,-0.02,1.0,software,90.0,0.0025000000000000005,9,10,0.06364226341247559
BPSK,0.0314,0.0628,0.025,64,0.5,0.005,1.0001,software,60.0,0.010000000000000002,6,10,0.07387542724609375
BPSK,0.0314,0.035,0.3,32,0.02,0.0,1.0,software,50.0,0.0125,5,10,0.05118846893310547
BPSK,0.0314,0.01,0.75,32,0.02,0.0,1.0,software,0.0,0.025,0,10,0.05246138572692871
QPSK,0.0314,0.4,0.055,32,0.02,0.0,1.0,software,90.0,0.0025000000000000005,9,10,0.06724834442138672
BPSK,0.0314,1.0,0.115,32,0.02,0.0,1.0,software,30.0,0.017499999999999998,3,10,0.06287646293640137
QPSK,0.0314,0.0628,0.025,32,0.0,0.005,1.0001,hardware,90.0,0.0,9,10,0.06352400779724121
QPSK,0.0314,0.075,0.01,32,0.02,0.0,1.0,software,90.0,0.0025000000000000005,9,10,0.07886624336242676
QPSK,0.0314,0.0628,0.88,32,0.02,0.0,1.0,software,0.0,0.025,0,10,0.07383537292480469
QPSK,0.0314,0.135,0.18,32,0.02,0.0,1.0,software,90.0,0.0025000000000000005,9,10,0.07865405082702637
BPSK,0.075,0.0628,0.025,32,0.02,0.01,1.0,software,90.0,0.0025000000000000005,9,10,0.06316852569580078
QPSK,0.25,0.0628,0.025,32,0.02,-0.02,1.0,software,0.0,0.025,0,10,0.05640912055969238
BPSK,0.0314,1.0,0.045,32,0.02,0.0,1.0,software,80.0,0.005000000000000001,8,10,0.07200193405151367
BPSK,0.0314,0.5,0.75,32,0.02,0.0,1.0,software,0.0,0.025,0,10,0.06670236587524414
QPSK,0.65,0.0628,0.025,32,0.02,0.01,1.0,software,0.0,0.025,0,10,0.060764312744140625
QPSK,0.0314,0.88,0.5,32,0.02,0.0,1.0,software,0.0,0.025,0,10,0.06755685806274414
BPSK,0.0314,0.0628,0.025,64,0.18,0.005,1.0001,software,80.0,0.005000000000000001,8,10,0.07576441764831543
QPSK,0.0314,0.0628,0.025,64,0.12,0.005,1.0001,software,90.0,0.0025000000000000005,9,10,0.10087466239929199
BPSK,0.0314,0.0628,0.07,32,0.02,0.0,1.0,software,50.0,0.0125,5,10,0.08033394813537598
BPSK,0.0314,0.01,0.07,32,0.02,0.0,1.0,software,50.0,0.0125,5,10,0.060799598693847656
BPSK,0.026,0.0628,0.025,32,0.02,0.02,1.0,software,90.0,0.0025000000000000005,9,10,0.08395719528198242
BPSK,0.0314,0.045,0.115,32,0.02,0.0,1.0,software,60.0,0.010000000000000002,6,10,0.06471824645996094
BPSK,0.042,0.0628,0.025,32,0.02,0.01,1.0,software,90.0,0.0025000000000000005,9,10,0.0679769515991211
BPSK,0.14,0.0628,0.025,32,0.02,0.0,1.0,software,90.0,0.0025000000000000005,9,10,0.06008481979370117
QPSK,0.0314,0.0628,0.145,32,0.02,0.0,1.0,software,90.0,0.0025000000000000005,9,10,0.051822662353515625
BPSK,0.005,0.0628,0.025,32,0.02,-0.02,1.0,software,80.0,0.005000000000000001,8,10,0.05283617973327637
BPSK,0.0314,0.018,0.01,32,0.02,0.0,1.0,software,90.0,0.0025000000000000005,9,10,0.05872964859008789
QPSK,0.0314,0.0628,0.115,32,0.02,0.0,1.0,software,90.0,0.0025000000000000005,9,10,0.05519294738769531
BPSK,0.0314,0.035,0.07,32,0.02,0.0,1.0,software,50.0,0.0125,5,10,0.05761551856994629
BPSK,0.0314,0.88,0.115,32,0.02,0.0,1.0,software,50.0,0.0125,5,10,0.06474590301513672
BPSK,0.0314,0.09,0.055,32,0.02,0.0,1.0,software,90.0,0.0025000000000000005,9,10,0.04921078681945801
BPSK,1.0,0.0628,0.025,32,0.02,0.02,1.0,software,0.0,0.025,0,10,0.05558609962463379
BPSK,0.0314,0.135,0.88,32,0.02,0.0,1.0,software,0.0,0.025,0,10,0.06483173370361328
QPSK,0.0314,0.0628,0.055,32,0.03,0.005,1.0004,software,90.0,0.0025000000000000005,9,10,0.0692601203918457
QPSK,0.0314,0.0628,0.5,32,0.03,0.005,1.0001,software,0.0,0.025,0,10,0.06468892097473145
BPSK,0.0314,0.0628,0.025,24,0.02,0.005,1.0001,software,90.0,0.0025000000000000005,9,10,0.06277251243591309
BPSK,0.0314,0.0628,0.025,32,0.02,-0.03,1.0,software,90.0,0.0025000000000000005,9,10,0.07240676879882812
BPSK,0.0314,0.055,0.01,32,0.02,0.0,1.0,software,90.0,0.0025000000000000005,9,10,0.06824231147766113
BPSK,0.1,0.0628,0.025,32,0.02,0.03,1.0,software,90.0,0.0025000000000000005,9,10,0.059311866760253906
BPSK,0.0314,0.018,0.25,32,0.02,0.0,1.0,software,80.0,0.005000000000000001,8,10,0.06277656555175781
QPSK,1.0,0.0628,0.025,32,0.02,-0.01,1.0,software,0.0,0.025,0,10,0.05802726745605469
QPSK,0.0314,0.0628,0.025,32,0.03,0.005,1.0008,software,80.0,0.005000000000000001,8,10,0.06234025955200195
QPSK,0.0314,0.025,0.055,32,0.02,0.0,1.0,software,90.0,0.0025000000000000005,9,10,0.0669393539428711
QPSK,0.0314,0.25,0.07,32,0.02,0.0,1.0,software,90.0,0.0025000000000000005,9,10,0.06400418281555176
QPSK,0.0314,0.0628,0.025,64,0.5,0.005,1.0001,software,90.0,0.0025000000000000005,9,10,0.0596013069152832
BPSK,0.01,0.0628,0.025,32,0.02,0.02,1.0,software,90.0,0.0025000000000000005,9,10,0.06977415084838867
BPSK,0.0314,0.0628,0.23,32,0.02,0.0,1.0,software,80.0,0.005000000000000001,8,10,0.062127113342285156
QPSK,0.0314,0.035,1.0,32,0.02,0.0,1.0,software,0.0,0.025,0,10,0.09340453147888184
QPSK,0.0314,0.25,0.01,32,0.02,0.0,1.0,software,90.0,0.0025000000000000005,9,10,0.08838248252868652
QPSK,0.0314,0.0628,0.025,32,0.25,0.005,1.0001,software,90.0,0.0025000000000000005,9,10,0.06554198265075684
QPSK,0.0314,0.0628,0.025,48,0.5,0.005,1.0001,software,60.0,0.010000000000000002,6,10,0.08090591430664062
QPSK,0.0314,0.035,0.25,32,0.02,0.0,1.0,software,90.0,0.0025000000000000005,9,10,0.07271456718444824
QPSK,0.0314,0.135,0.115,32,0.02,0.0,1.0,software,90.0,0.0025000000000000005,9,10,0.054680585861206055
QPSK,0.25,0.0628,0.025,32,0.02,0.02,1.0,software,0.0,0.025,0,10,0.06715750694274902
BPSK,0.0314,0.005,0.055,32,0.02,0.0,1.0,software,90.0,0.0025000000000000005,9,10,0.057717084884643555
BPSK,0.0314,0.25,0.75,32,0.02,0.0,1.0,software,0.0,0.025,0,10,0.0506587028503418
BPSK,0.35,0.0628,0.025,32,0.02,-0.02,1.0,software,80.0,0.005000000000000001,8,10,0.07508397102355957
QPSK,0.5,0.0628,0.025,32,0.02,0.0,1.0,software,0.0,0.025,0,10,0.04735922813415527
BPSK,0.0314,0.0628,0.025,16,0.05,0.005,1.0001,software,90.0,0.0025000000000000005,9,10,0.05686640739440918
BPSK,0.075,0.0628,0.025,32,0.02,0.03,1.0,software,90.0,0.0025000000000000005,9,10,0.05501532554626465
QPSK,0.01,0.0628,0.025,32,0.02,0.0,1.0,software,90.0,0.0025000000000000005,9,10,0.05695056915283203
BPSK,0.0314,0.035,0.01,32,0.02,0.0,1.0,software,90.0,0.0025000000000000005,9,10,0.0592803955078125
QPSK,0.0314,0.0628,0.025,32,0.0,0.005,1.0001,software,90.0,0.0,9,10,0.05138826370239258
QPSK,0.0314,0.0628,0.025,48,0.18,0.005,1.0001,software,90.0,0.0025000000000000005,9,10,0.0686483383178711
BPSK,0.1,0.0628,0.025,32,0.02,0.02,1.0,software,90.0,0.0025000000000000005,9,10,0.06507205963134766
BPSK,0.0314,0.01,0.045,32,0.02,0.0,1.0,software,90.0,0.0025000000000000005,9,10,0.06176924705505371
QPSK,0.0314,0.0628,0.25,32,0.02,0.0,1.0,software,90.0,0.0025000000000000005,9,10,0.0785822868347168
BPSK,0.0314,0.135,0.115,32,0.02,0.0,1.0,software,60.0,0.010000000000000002,6,10,0.06719851493835449
BPSK,0.01,0.0628,0.025,32,0.02,-0.02,1.0,software,90.0,0.0025000000000000005,9,10,0.08021116256713867
QPSK,0.8,0.0628,0.025,32,0.02,0.01,1.0,software,0.0,0.025,0,10,0.10108256340026855
QPSK,0.0314,0.0628,0.025,32,0.25,0.005,1.0001,hardware,90.0,0.0025000000000000005,9,10,0.0503847599029541
QPSK,0.0314,0.09,0.025,32,0.02,0.0,1.0,software,90.0,0.0025000000000000005,9,10,0.0773322582244873
BPSK,0.0314,0.0628,0.025,32,0.02,0.02,1.0,software,90.0,0.0025000000000000005,9,10,0.07073473930358887
BPSK,0.0314,0.25,0.6,32,0.02,0.0,1.0,software,0.0,0.025,0,10,0.06162095069885254
BPSK,0.0314,0.0628,0.025,32,0.35,0.005,1.0001,hardware,90.0,0.0025000000000000005,9,10,0.06649041175842285
QPSK,0.0314,0.0628,0.025,64,0.0,0.005,1.0001,software,90.0,0.0,9,10,0.07934761047363281
BPSK,0.0314,0.0628,0.018,32,0.02,0.0,1.0,software,90.0,0.0025000000000000005,9,10,0.06649589538574219
BPSK,0.018,0.0628,0.025,32,0.02,-0.03,1.0,software,90.0,0.0025000000000000005,9,10,0.10172343254089355
BPSK,0.19,0.0628,0.025,32,0.02,0.03,1.0,software,90.0,0.0025000000000000005,9,10,0.08082175254821777
QPSK,0.01,0.0628,0.025,32,0.02,0.03,1.0,software,0.0,0.025,0,10,0.05638265609741211
QPSK,0.0314,0.0628,0.025,32,0.12,0.005,1.0001,software,90.0,0.0025000000000000005,9,10,0.08368754386901855
BPSK,0.0314,0.4,0.115,32,0.02,0.0,1.0,software,60.0,0.010000000000000002,6,10,0.04864954948425293
QPSK,0.0314,0.2,1.0,32,0.02,0.0,1.0,software,0.0,0.025,0,10,0.05272412300109863
QPSK,0.0314,0.135,0.3,32,0.02,0.0,1.0,software,90.0,0.0025000000000000005,9,10,0.05712270736694336
BPSK,0.0314,0.0628,0.01,32,0.03,0.005,0.9992,software,50.0,0.0125,5,10,0.05016756057739258
BPSK,0.0314,0.5,1.0,32,0.02,0.0,1.0,software,0.0,0.025,0,10,0.0717005729675293
BPSK,0.0314,0.135,0.005,32,0.02,0.0,1.0,software,90.0,0.0025000000000000005,9,10,0.07831549644470215
QPSK,0.0314,0.018,0.5,32,0.02,0.0,1.0,software,0.0,0.025,0,10,0.0494542121887207
QPSK,0.0314,0.135,0.055,32,0.02,0.0,1.0,software,90.0,0.0025000000000000005,9,10,0.05492043495178223
BPSK,0.0314,0.4,0.025,32,0.02,0.0,1.0,software,90.0,0.0025000000000000005,9,10,0.05461287498474121
QPSK,0.0314,0.01,0.75,32,0.02,0.0,1.0,software,0.0,0.025,0,10,0.05873680114746094
BPSK,0.026,0.0628,0.025,32,0.02,-0.03,1.0,software,90.0,0.0025000000000000005,9,10,0.06552815437316895
QPSK,0.0314,0.045,0.115,32,0.02,0.0,1.0,software,90.0,0.0025000000000000005,9,10,0.042083740234375
BPSK,0.0314,0.0628,0.025,48,0.08,0.005,1.0001,software,90.0,0.0025000000000000005,9,10,0.04248785972595215
QPSK,0.0314,0.75,0.115,32,0.02,0.0,1.0,software,90.0,0.0025000000000000005,9,10,0.07826089859008789
BPSK,0.0314,0.6,0.25,32,0.02,0.0,1.0,software,80.0,0.005000000000000001,8,10,0.06676721572875977
BPSK,0.14,0.0628,0.025,32,0.02,-0.03,1.0,software,90.0,0.0025000000000000005,9,10,0.0650339126586914
QPSK,0.0314,0.135,0.09,32,0.02,0.0,1.0,software,90.0,0.0025000000000000005,9,10,0.06171560287475586
QPSK,0.0314,0.0628,0.01,32,0.03,0.005,0.9992,software,40.0,0.015,4,10,0.07105374336242676
QPSK,0.018,0.0628,0.025,32,0.02,0.03,1.0,software,80.0,0.005000000000000001,8,10,0.07420945167541504
QPSK,0.0314,0.0628,0.25,32,0.03,0.005,0.9992,software,90.0,0.0025000000000000005,9,10,0.0614466667175293
QPSK,0.0314,0.0628,0.025,32,0.05,0.005,1.0001,hardware,90.0,0.0025000000000000005,9,10,0.05190420150756836
BPSK,0.0314,0.0628,1.0,32,0.03,0.005,1.0001,software,0.0,0.025,0,10,0.07526636123657227
QPSK,0.0314,0.055,0.5,32,0.02,0.0,1.0,software,0.0,0.025,0,10,0.06048727035522461
QPSK,0.0314,0.01,0.09,32,0.02,0.0,1.0,software,20.0,0.020000000000000004,2,10,0.06265974044799805
BPSK,0.0314,0.135,0.6,32,0.02,0.0,1.0,software,0.0,0.025,0,10,0.06741189956665039
QPSK,0.0314,0.0628,0.025,32,0.02,-0.03,1.0,software,90.0,0.0025000000000000005,9,10,0.05918574333190918
BPSK,0.0314,0.045,0.01,32,0.02,0.0,1.0,software,90.0,0.0025000000000000005,9,10,0.09832525253295898
BPSK,0.075,0.0628,0.025,32,0.02,0.02,1.0,software,90.0,0.0025000000000000005,9,10,0.06833410263061523
BPSK,0.075,0.0628,0.025,32,0.02,0.0,1.0,software,90.0,0.0025000000000000005,9,10,0.09551000595092773
BPSK,0.0314,0.09,0.01,32,0.02,0.0,1.0,software,90.0,0.0025000000000000005,9,10,0.059836387634277344
QPSK,0.0314,0.0628,0.025,32,0.02,0.0,1.0,software,90.0,0.0025000000000000005,9,10,0.04519987106323242
BPSK,0.14,0.0628,0.025,32,0.02,-0.02,1.0,software,90.0,0.0025000000000000005,9,10,0.05693244934082031
QPSK,0.055,0.0628,0.025,32,0.02,0.02,1.0,software,90.0,0.0025000000000000005,9,10,0.05038094520568848
QPSK,0.0314,0.0628,1.0,32,0.03,0.005,0.9999,software,0.0,0.025,0,10,0.05475759506225586
QPSK,0.0314,0.0628,1.0,32,0.03,0.005,1.0,software,0.0,0.025,0,10,0.05546402931213379
BPSK,0.0314,0.0628,0.025,48,0.18,0.005,1.0001,software,90.0,0.0025000000000000005,9,10,0.06876587867736816
BPSK,0.0314,0.25,0.25,32,0.02,0.0,1.0,software,80.0,0.005000000000000001,8,10,0.05340909957885742
BPSK,0.055,0.0628,0.025,32,0.02,0.02,1.0,software,90.0,0.0025000000000000005,9,10,0.06354093551635742
QPSK,0.0314,0.075,1.0,32,0.02,0.0,1.0,software,0.0,0.025,0,10,0.057181596755981445
BPSK,0.01,0.0628,0.025,32,0.02,-0.03,1.0,software,80.0,0.005000000000000001,8,10,0.061173200607299805
BPSK,0.0314,0.88,0.01,32,0.02,0.0,1.0,software,90.0,0.0025000000000000005,9,10,0.05763673782348633
BPSK,0.0314,0.005,0.5,32,0.02,0.0,1.0,software,0.0,0.025,0,10,0.05564570426940918
BPSK,0.0314,0.75,0.01,32,0.02,0.0,1.0,software,90.0,0.0025000000000000005,9,10,0.05184054374694824
QPSK,0.5,0.0628,0.025,32,0.02,-0.02,1.0,software,0.0,0.025,0,10,0.06518292427062988
QPSK,0.0314,0.5,0.145,32,0.02,0.0,1.0,software,90.0,0.0025000000000000005,9,10,0.057177066802978516
BPSK,0.0314,1.0,0.035,32,0.02,0.0,1.0,software,80.0,0.005000000000000001,8,10,0.06553316116333008
BPSK,0.026,0.0628,0.025,32,0.02,-0.01,1.0,software,90.0,0.0025000000000000005,9,10,0.06896305084228516
QPSK,0.0314,0.0628,0.75,32,0.02,0.0,1.0,software,0.0,0.025,0,10,0.07198095321655273
QPSK,0.0314,0.165,0.01,32,0.02,0.0,1.0,software,90.0,0.0025000000000000005,9,10,0.05337357521057129
BPSK,0.0314,0.25,0.88,32,0.02,0.0,1.0,software,0.0,0.025,0,10,0.07512068748474121
BPSK,0.026,0.0628,0.025,32,0.02,0.01,1.0,software,90.0,0.0025000000000000005,9,10,0.08013749122619629
BPSK,0.055,0.0628,0.025,32,0.02,-0.01,1.0,software,90.0,0.0025000000000000005,9,10,0.06780362129211426
QPSK,0.0314,0.01,1.0,32,0.02,0.0,1.0,software,0.0,0.025,0,10,0.07312822341918945
QPSK,0.0314,0.035,0.3,32,0.02,0.0,1.0,software,90.0,0.0025000000000000005,9,10,0.07774996757507324
BPSK,0.0314,0.0628,0.115,32,0.03,0.005,1.0,software,70.0,0.0075,7,10,0.07990264892578125
QPSK,0.0314,0.01,0.025,32,0.02,0.0,1.0,software,20.0,0.020000000000000004,2,10,0.06122279167175293
QPSK,0.0314,0.0628,0.5,32,0.02,0.0,1.0,software,0.0,0.025,0,10,0.08810710906982422
QPSK,0.0314,0.0628,0.055,32,0.03,0.005,0.9999,software,90.0,0.0025000000000000005,9,10,0.07823395729064941
BPSK,0.0314,0.0628,0.25,32,0.03,0.005,0.9992,software,80.0,0.005000000000000001,8,10,0.06352639198303223
BPSK,0.0314,0.0628,0.025,32,0.02,0.005,1.0001,software,90.0,0.0025000000000000005,9,10,0.06371474266052246
QPSK,0.0314,0.0628,0.025,16,0.08,0.005,1.0001,software,90.0,0.0025000000000000005,9,10,0.05726170539855957
BPSK,0.0314,0.055,0.5,32,0.02,0.0,1.0,software,0.0,0.025,0,10,0.06001019477844238
QPSK,0.0314,0.0628,0.025,32,0.08,0.005,1.0001,software,90.0,0.0025000000000000005,9,10,0.055333852767944336
BPSK,0.0314,0.2,0.25,32,0.02,0.0,1.0,software,80.0,0.005000000000000001,8,10,0.05341768264770508
BPSK,0.042,0.0628,0.025,32,0.02,-0.01,1.0,software,90.0,0.0025000000000000005,9,10,0.06568264961242676
QPSK,0.0314,0.25,0.18,32,0.02,0.0,1.0,software,90.0,0.0025000000000000005,9,10,0.04310488700866699
BPSK,0.35,0.0628,0.025,32,0.02,-0.03,1.0,software,90.0,0.0025000000000000005,9,10,0.06876635551452637
BPSK,0.0314,0.0628,0.025,24,0.35,0.005,1.0001,software,90.0,0.0025000000000000005,9,10,0.0753934383392334
BPSK,0.0314,0.2,0.055,32,0.02,0.0,1.0,software,90.0,0.0025000000000000005,9,10,0.05372166633605957
BPSK,0.0314,0.75,0.25,32,0.02,0.0,1.0,software,80.0,0.005000000000000001,8,10,0.06859564781188965
BPSK,0.5,0.0628,0.025,32,0.02,0.03,1.0,software,0.0,0.025,0,10,0.06468796730041504
BPSK,0.0314,0.75,0.055,32,0.02,0.0,1.0,software,90.0,0.0025000000000000005,9,10,0.04396533966064453
QPSK,0.0314,0.045,1.0,32,0.02,0.0,1.0,software,0.0,0.025,0,10,0.04436922073364258
QPSK,0.0314,0.0628,0.025,24,0.5,0.005,1.0001,software,70.0,0.0075,7,10,0.0798635482788086
BPSK,0.14,0.0628,0.025,32,0.02,-0.01,1.0,software,90.0,0.0025000000000000005,9,10,0.06943917274475098
QPSK,0.25,0.0628,0.025,32,0.02,0.01,1.0,software,0.0,0.025,0,10,0.0794980525970459
QPSK,0.5,0.0628,0.025,32,0.02,0.02,1.0,software,0.0,0.025,0,10,0.05246138572692871
BPSK,0.0314,0.045,0.055,32,0.02,0.0,1.0,software,90.0,0.0025000000000000005,9,10,0.0632627010345459
BPSK,0.0314,0.0628,0.055,32,0.02,0.0,1.0,software,90.0,0.0025000000000000005,9,10,0.07126283645629883
QPSK,0.0314,1.0,0.115,32,0.02,0.0,1.0,software,70.0,0.0075,7,10,0.06334567070007324
BPSK,0.0314,1.0,0.25,32,0.02,0.0,1.0,software,80.0,0.005000000000000001,8,10,0.07242131233215332
BPSK,0.0314,0.0628,0.025,48,0.12,0.005,1.0001,software,90.0,0.0025000000000000005,9,10,0.06576108932495117
QPSK,0.0314,0.0628,0.025,24,0.02,0.005,1.0001,software,90.0,0.0025000000000000005,9,10,0.08254575729370117
BPSK,0.0314,0.4,1.0,32,0.02,0.0,1.0,software,0.0,0.025,0,10,0.07498431205749512
QPSK,0.5,0.0628,0.025,32,0.02,-0.01,1.0,software,0.0,0.025,0,10,0.06189703941345215
BPSK,0.0314,0.0628,0.01,32,0.03,0.005,1.0008,software,10.0,0.022500000000000003,1,10,0.071990966796875
QPSK,0.0314,0.0628,0.025,32,0.02,0.02,1.0,software,90.0,0.0025000000000000005,9,10,0.09204292297363281
BPSK,0.0314,0.0628,0.01,32,0.03,0.005,1.0,software,90.0,0.0025000000000000005,9,10,0.07127571105957031
QPSK,0.0314,0.0628,0.025,24,0.25,0.005,1.0001,software,90.0,0.0025000000000000005,9,10,0.06446504592895508
QPSK,0.0314,0.0628,0.07,32,0.02,0.0,1.0,software,90.0,0.0025000000000000005,9,10,0.07727503776550293
BPSK,0.0314,1.0,0.23,32,0.02,0.0,1.0,software,80.0,0.005000000000000001,8,10,0.0509333610534668
QPSK,0.0314,0.0628,1.0,32,0.02,0.0,1.0,software,0.0,0.025,0,10,0.0653989315032959
BPSK,0.0314,0.0628,0.5,32,0.03,0.005,1.0008,software,0.0,0.025,0,10,0.05213284492492676
QPSK,0.0314,0.005,0.115,32,0.02,0.0,1.0,software,10.0,0.022500000000000003,1,10,0.0639948844909668
BPSK,0.0314,0.4,0.055,32,0.02,0.0,1.0,software,90.0,0.0025000000000000005,9,10,0.05783271789550781
BPSK,0.0314,0.0628,0.025,48,0.05,0.005,1.0001,software,90.0,0.0025000000000000005,9,10,0.0679481029510498
QPSK,0.0314,0.5,0.88,32,0.02,0.0,1.0,software,0.0,0.025,0,10,0.05775761604309082
QPSK,0.65,0.0628,0.025,32,0.02,0.02,1.0,software,0.0,0.025,0,10,0.05132293701171875
BPSK,0.0314,1.0,0.025,32,0.02,0.0,1.0,software,80.0,0.005000000000000001,8,10,0.07545852661132812
QPSK,0.0314,0.25,0.115,32,0.02,0.0,1.0,software,90.0,0.0025000000000000005,9,10,0.05158710479736328
BPSK,0.0314,0.0628,0.025,64,0.12,0.005,1.0001,software,50.0,0.0125,5,10,0.06262397766113281
BPSK,0.0314,0.5,0.145,32,0.02,0.0,1.0,software,50.0,0.0125,5,10,0.036435842514038086
QPSK,0.0314,0.5,0.07,32,0.02,0.0,1.0,software,90.0,0.0025000000000000005,9,10,0.030384302139282227
QPSK,0.0314,0.035,0.045,32,0.02,0.0,1.0,software,90.0,0.0025000000000000005,9,10,0.08670592308044434
QPSK,0.0314,0.135,0.045,32,0.02,0.0,1.0,software,90.0,0.0025000000000000005,9,10,0.06638550758361816
QPSK,0.0314,0.88,0.01,32,0.02,0.0,1.0,software,70.0,0.0075,7,10,0.07282876968383789
BPSK,0.0314,0.01,0.6,32,0.02,0.0,1.0,software,0.0,0.025,0,10,0.06093645095825195
BPSK,0.35,0.0628,0.025,32,0.02,0.02,1.0,software,90.0,0.0025000000000000005,9,10,0.07183361053466797
QPSK,0.0314,0.055,1.0,32,0.02,0.0,1.0,software,0.0,0.025,0,10,0.06133556365966797
BPSK,0.0314,0.32,0.25,32,0.02,0.0,1.0,software,80.0,0.005000000000000001,8,10,0.06251883506774902
QPSK,0.0314,0.0628,0.035,32,0.02,0.0,1.0,software,90.0,0.0025000000000000005,9,10,0.05578136444091797
QPSK,0.055,0.0628,0.025,32,0.02,0.01,1.0,software,90.0,0.0025000000000000005,9,10,0.06074094772338867
QPSK,0.0314,0.075,0.055,32,0.02,0.0,1.0,software,90.0,0.0025000000000000005,9,10,0.06271243095397949
BPSK,0.0314,0.5,0.01,32,0.02,0.0,1.0,software,90.0,0.0025000000000000005,9,10,0.07568049430847168
BPSK,0.0314,0.0628,0.025,48,0.35,0.005,1.0001,software,70.0,0.0075,7,10,0.06386351585388184
BPSK,0.0314,0.0628,0.025,16,0.18,0.005,1.0001,software,90.0,0.0025000000000000005,9,10,0.07217025756835938
BPSK,0.0314,0.01,0.115,32,0.02,0.0,1.0,software,60.0,0.010000000000000002,6,10,0.10725998878479004
BPSK,0.01,0.0628,0.025,32,0.02,0.01,1.0,software,90.0,0.0025000000000000005,9,10,0.07974505424499512
BPSK,0.0314,0.0628,0.115,32,0.02,0.0,1.0,software,60.0,0.010000000000000002,6,10,0.06032609939575195
